id,order,masc,stim,cond
11,1,8,Slide32.bmp,1
11,2,7,Slide32.bmp,1
11,3,8,Slide32.bmp,1
11,4,7,Slide32.bmp,1
11,5,9,Slide32.bmp,1
11,6,9,Slide32.bmp,1
12,1,9,Slide32.bmp,2
12,2,5,Slide32.bmp,2
12,3,5,Slide32.bmp,2
12,4,7,Slide32.bmp,2
12,5,7,Slide32.bmp,2
12,6,8,Slide32.bmp,2
13,1,1,Slide32.bmp,3
13,2,7,Slide32.bmp,3
13,3,2,Slide32.bmp,3
13,4,9,Slide32.bmp,3
13,5,9,Slide32.bmp,3
13,6,5,Slide32.bmp,3
14,1,1,Slide32.bmp,4
14,2,1,Slide32.bmp,4
14,3,1,Slide32.bmp,4
14,4,3,Slide32.bmp,4
14,5,2,Slide32.bmp,4
14,6,2,Slide32.bmp,4
15,1,1,Slide32.bmp,5
15,2,1,Slide32.bmp,5
15,3,9,Slide32.bmp,5
15,4,9,Slide32.bmp,5
15,5,5,Slide32.bmp,5
15,6,5,Slide32.bmp,5
16,1,8,Slide32.bmp,1
16,2,9,Slide32.bmp,1
16,3,6,Slide32.bmp,1
16,4,8,Slide32.bmp,1
16,5,9,Slide32.bmp,1
16,6,7,Slide32.bmp,1
17,1,3,Slide32.bmp,2
17,2,5,Slide32.bmp,2
17,3,9,Slide32.bmp,2
17,4,3,Slide32.bmp,2
17,5,5,Slide32.bmp,2
17,6,7,Slide32.bmp,2
19,1,1,Slide32.bmp,4
19,2,9,Slide32.bmp,4
19,3,1,Slide32.bmp,4
19,4,8,Slide32.bmp,4
19,5,1,Slide32.bmp,4
19,6,4,Slide32.bmp,4
20,1,1,Slide32.bmp,5
20,2,3,Slide32.bmp,5
20,3,4,Slide32.bmp,5
20,4,2,Slide32.bmp,5
20,5,5,Slide32.bmp,5
20,6,7,Slide32.bmp,5
21,1,1,Slide32.bmp,1
21,2,9,Slide32.bmp,1
21,3,9,Slide32.bmp,1
21,4,9,Slide32.bmp,1
21,5,9,Slide32.bmp,1
21,6,5,Slide32.bmp,1
22,1,4,Slide32.bmp,2
22,2,7,Slide32.bmp,2
22,3,5,Slide32.bmp,2
22,4,7,Slide32.bmp,2
22,5,6,Slide32.bmp,2
22,6,5,Slide32.bmp,2
23,1,9,Slide32.bmp,3
23,2,5,Slide32.bmp,3
23,3,5,Slide32.bmp,3
23,4,9,Slide32.bmp,3
23,5,7,Slide32.bmp,3
23,6,5,Slide32.bmp,3
24,1,3,Slide32.bmp,4
24,2,3,Slide32.bmp,4
24,3,2,Slide32.bmp,4
24,4,9,Slide32.bmp,4
24,5,1,Slide32.bmp,4
24,6,3,Slide32.bmp,4
25,1,9,Slide32.bmp,5
25,2,9,Slide32.bmp,5
25,3,5,Slide32.bmp,5
25,4,7,Slide32.bmp,5
25,5,5,Slide32.bmp,5
25,6,5,Slide32.bmp,5
26,1,9,Slide32.bmp,1
26,2,7,Slide32.bmp,1
26,3,3,Slide32.bmp,1
26,4,5,Slide32.bmp,1
26,5,6,Slide32.bmp,1
26,6,6,Slide32.bmp,1
27,1,3,Slide32.bmp,2
27,2,4,Slide32.bmp,2
27,3,6,Slide32.bmp,2
27,4,3,Slide32.bmp,2
27,5,4,Slide32.bmp,2
27,6,2,Slide32.bmp,2
28,1,3,Slide32.bmp,3
28,2,1,Slide32.bmp,3
28,3,4,Slide32.bmp,3
28,4,8,Slide32.bmp,3
28,5,7,Slide32.bmp,3
28,6,5,Slide32.bmp,3
29,1,1,Slide32.bmp,4
29,2,9,Slide32.bmp,4
29,3,9,Slide32.bmp,4
29,4,5,Slide32.bmp,4
29,5,5,Slide32.bmp,4
29,6,9,Slide32.bmp,4
30,1,9,Slide32.bmp,5
30,2,9,Slide32.bmp,5
30,3,5,Slide32.bmp,5
30,4,9,Slide32.bmp,5
30,5,5,Slide32.bmp,5
30,6,9,Slide32.bmp,5
31,1,9,Slide32.bmp,1
31,2,6,Slide32.bmp,1
31,3,5,Slide32.bmp,1
31,4,7,Slide32.bmp,1
31,5,7,Slide32.bmp,1
31,6,8,Slide32.bmp,1
32,1,9,Slide32.bmp,2
32,2,5,Slide32.bmp,2
32,3,9,Slide32.bmp,2
32,4,9,Slide32.bmp,2
32,5,9,Slide32.bmp,2
32,6,5,Slide32.bmp,2
33,1,9,Slide32.bmp,3
33,2,8,Slide32.bmp,3
33,3,9,Slide32.bmp,3
33,4,9,Slide32.bmp,3
33,5,6,Slide32.bmp,3
33,6,8,Slide32.bmp,3
34,1,4,Slide32.bmp,4
34,2,7,Slide32.bmp,4
34,3,9,Slide32.bmp,4
34,4,9,Slide32.bmp,4
34,5,9,Slide32.bmp,4
34,6,7,Slide32.bmp,4
35,1,9,Slide32.bmp,5
35,2,9,Slide32.bmp,5
35,3,9,Slide32.bmp,5
35,4,7,Slide32.bmp,5
35,5,7,Slide32.bmp,5
35,6,7,Slide32.bmp,5
36,1,1,Slide32.bmp,1
36,2,1,Slide32.bmp,1
36,3,5,Slide32.bmp,1
36,4,9,Slide32.bmp,1
36,5,5,Slide32.bmp,1
36,6,9,Slide32.bmp,1
37,1,7,Slide32.bmp,2
37,2,8,Slide32.bmp,2
37,3,7,Slide32.bmp,2
37,4,7,Slide32.bmp,2
37,5,7,Slide32.bmp,2
37,6,8,Slide32.bmp,2
38,1,9,Slide32.bmp,3
38,2,4,Slide32.bmp,3
38,3,9,Slide32.bmp,3
38,4,5,Slide32.bmp,3
38,5,9,Slide32.bmp,3
38,6,9,Slide32.bmp,3
39,1,9,Slide32.bmp,4
39,2,7,Slide32.bmp,4
39,3,5,Slide32.bmp,4
39,4,6,Slide32.bmp,4
39,5,6,Slide32.bmp,4
39,6,5,Slide32.bmp,4
40,1,3,Slide32.bmp,5
40,2,5,Slide32.bmp,5
40,3,8,Slide32.bmp,5
40,4,8,Slide32.bmp,5
40,5,6,Slide32.bmp,5
40,6,7,Slide32.bmp,5
41,1,7,Slide32.bmp,1
41,2,8,Slide32.bmp,1
41,3,8,Slide32.bmp,1
41,4,5,Slide32.bmp,1
41,5,7,Slide32.bmp,1
41,6,8,Slide32.bmp,1
42,1,1,Slide32.bmp,2
42,2,5,Slide32.bmp,2
42,3,7,Slide32.bmp,2
42,4,7,Slide32.bmp,2
42,5,4,Slide32.bmp,2
42,6,6,Slide32.bmp,2
43,1,9,Slide32.bmp,3
43,2,9,Slide32.bmp,3
43,3,9,Slide32.bmp,3
43,4,9,Slide32.bmp,3
43,5,9,Slide32.bmp,3
43,6,5,Slide32.bmp,3
44,1,2,Slide32.bmp,4
44,2,2,Slide32.bmp,4
44,3,1,Slide32.bmp,4
44,4,4,Slide32.bmp,4
44,5,7,Slide32.bmp,4
44,6,5,Slide32.bmp,4
45,1,9,Slide32.bmp,5
45,2,5,Slide32.bmp,5
45,3,9,Slide32.bmp,5
45,4,9,Slide32.bmp,5
45,5,9,Slide32.bmp,5
45,6,1,Slide32.bmp,5
47,1,9,Slide32.bmp,2
47,2,1,Slide32.bmp,2
47,3,2,Slide32.bmp,2
47,4,7,Slide32.bmp,2
47,5,5,Slide32.bmp,2
47,6,2,Slide32.bmp,2
48,1,9,Slide32.bmp,3
48,2,9,Slide32.bmp,3
48,3,4,Slide32.bmp,3
48,4,3,Slide32.bmp,3
48,5,5,Slide32.bmp,3
48,6,5,Slide32.bmp,3
49,1,8,Slide32.bmp,4
49,2,9,Slide32.bmp,4
49,3,7,Slide32.bmp,4
49,4,5,Slide32.bmp,4
49,5,5,Slide32.bmp,4
49,6,7,Slide32.bmp,4
50,1,3,Slide32.bmp,5
50,2,1,Slide32.bmp,5
50,3,5,Slide32.bmp,5
50,4,6,Slide32.bmp,5
50,5,8,Slide32.bmp,5
50,6,2,Slide32.bmp,5
51,1,1,Slide32.bmp,1
51,2,3,Slide32.bmp,1
51,3,8,Slide32.bmp,1
51,4,5,Slide32.bmp,1
51,5,2,Slide32.bmp,1
51,6,7,Slide32.bmp,1
52,1,7,Slide32.bmp,2
52,2,5,Slide32.bmp,2
52,3,6,Slide32.bmp,2
52,4,6,Slide32.bmp,2
52,5,8,Slide32.bmp,2
52,6,6,Slide32.bmp,2
53,1,1,Slide32.bmp,3
53,2,5,Slide32.bmp,3
53,3,5,Slide32.bmp,3
53,4,9,Slide32.bmp,3
53,5,9,Slide32.bmp,3
53,6,9,Slide32.bmp,3
54,1,9,Slide32.bmp,4
54,2,9,Slide32.bmp,4
54,3,5,Slide32.bmp,4
54,4,9,Slide32.bmp,4
54,5,9,Slide32.bmp,4
54,6,5,Slide32.bmp,4
55,1,2,Slide32.bmp,5
55,2,4,Slide32.bmp,5
55,3,4,Slide32.bmp,5
55,4,3,Slide32.bmp,5
55,5,3,Slide32.bmp,5
55,6,1,Slide32.bmp,5
56,1,2,Slide32.bmp,1
56,2,5,Slide32.bmp,1
56,3,7,Slide32.bmp,1
56,4,8,Slide32.bmp,1
56,5,6,Slide32.bmp,1
56,6,6,Slide32.bmp,1
57,1,7,Slide32.bmp,2
57,2,5,Slide32.bmp,2
57,3,6,Slide32.bmp,2
57,4,8,Slide32.bmp,2
57,5,4,Slide32.bmp,2
57,6,7,Slide32.bmp,2
59,1,1,Slide32.bmp,4
59,2,2,Slide32.bmp,4
59,3,2,Slide32.bmp,4
59,4,1,Slide32.bmp,4
59,5,2,Slide32.bmp,4
59,6,5,Slide32.bmp,4
60,1,5,Slide32.bmp,5
60,2,5,Slide32.bmp,5
60,3,7,Slide32.bmp,5
60,4,5,Slide32.bmp,5
60,5,6,Slide32.bmp,5
60,6,8,Slide32.bmp,5
61,1,9,Slide32.bmp,1
61,2,5,Slide32.bmp,1
61,3,7,Slide32.bmp,1
61,4,1,Slide32.bmp,1
61,5,9,Slide32.bmp,1
61,6,9,Slide32.bmp,1
62,1,9,Slide32.bmp,2
62,2,9,Slide32.bmp,2
62,3,5,Slide32.bmp,2
62,4,9,Slide32.bmp,2
62,5,9,Slide32.bmp,2
62,6,9,Slide32.bmp,2
63,1,9,Slide32.bmp,3
63,2,7,Slide32.bmp,3
63,3,5,Slide32.bmp,3
63,4,6,Slide32.bmp,3
63,5,8,Slide32.bmp,3
63,6,5,Slide32.bmp,3
64,1,1,Slide32.bmp,4
64,2,3,Slide32.bmp,4
64,3,4,Slide32.bmp,4
64,4,6,Slide32.bmp,4
64,5,1,Slide32.bmp,4
64,6,4,Slide32.bmp,4
65,1,5,Slide32.bmp,5
65,2,7,Slide32.bmp,5
65,3,5,Slide32.bmp,5
65,4,5,Slide32.bmp,5
65,5,7,Slide32.bmp,5
65,6,5,Slide32.bmp,5
66,1,4,Slide32.bmp,1
66,2,4,Slide32.bmp,1
66,3,4,Slide32.bmp,1
66,4,6,Slide32.bmp,1
66,5,4,Slide32.bmp,1
66,6,5,Slide32.bmp,1
67,1,9,Slide32.bmp,2
67,2,1,Slide32.bmp,2
67,3,2,Slide32.bmp,2
67,4,9,Slide32.bmp,2
67,5,9,Slide32.bmp,2
67,6,9,Slide32.bmp,2
68,1,9,Slide32.bmp,3
68,2,9,Slide32.bmp,3
68,3,9,Slide32.bmp,3
68,4,5,Slide32.bmp,3
68,5,9,Slide32.bmp,3
68,6,9,Slide32.bmp,3
69,1,5,Slide32.bmp,4
69,2,3,Slide32.bmp,4
69,3,2,Slide32.bmp,4
69,4,3,Slide32.bmp,4
69,5,4,Slide32.bmp,4
69,6,6,Slide32.bmp,4
70,1,9,Slide32.bmp,5
70,2,3,Slide32.bmp,5
70,3,7,Slide32.bmp,5
70,4,8,Slide32.bmp,5
70,5,6,Slide32.bmp,5
70,6,9,Slide32.bmp,5
71,1,6,Slide32.bmp,1
71,2,8,Slide32.bmp,1
71,3,8,Slide32.bmp,1
71,4,8,Slide32.bmp,1
71,5,7,Slide32.bmp,1
71,6,5,Slide32.bmp,1
72,1,1,Slide32.bmp,2
72,2,6,Slide32.bmp,2
72,3,7,Slide32.bmp,2
72,4,7,Slide32.bmp,2
72,5,8,Slide32.bmp,2
72,6,8,Slide32.bmp,2
73,1,1,Slide32.bmp,3
73,2,9,Slide32.bmp,3
73,3,5,Slide32.bmp,3
73,4,9,Slide32.bmp,3
73,5,9,Slide32.bmp,3
73,6,9,Slide32.bmp,3
74,1,3,Slide32.bmp,4
74,2,5,Slide32.bmp,4
74,3,4,Slide32.bmp,4
74,4,7,Slide32.bmp,4
74,5,6,Slide32.bmp,4
74,6,7,Slide32.bmp,4
75,1,3,Slide32.bmp,5
75,2,8,Slide32.bmp,5
75,3,5,Slide32.bmp,5
75,4,6,Slide32.bmp,5
75,5,5,Slide32.bmp,5
75,6,5,Slide32.bmp,5
76,1,8,Slide32.bmp,1
76,2,8,Slide32.bmp,1
76,3,5,Slide32.bmp,1
76,4,8,Slide32.bmp,1
76,5,8,Slide32.bmp,1
76,6,5,Slide32.bmp,1
77,1,9,Slide32.bmp,2
77,2,9,Slide32.bmp,2
77,3,9,Slide32.bmp,2
77,4,9,Slide32.bmp,2
77,5,5,Slide32.bmp,2
77,6,9,Slide32.bmp,2
78,1,1,Slide32.bmp,3
78,2,3,Slide32.bmp,3
78,3,6,Slide32.bmp,3
78,4,8,Slide32.bmp,3
78,5,1,Slide32.bmp,3
78,6,9,Slide32.bmp,3
79,1,3,Slide32.bmp,4
79,2,2,Slide32.bmp,4
79,3,3,Slide32.bmp,4
79,4,2,Slide32.bmp,4
79,5,3,Slide32.bmp,4
79,6,3,Slide32.bmp,4
80,1,5,Slide32.bmp,5
80,2,7,Slide32.bmp,5
80,3,7,Slide32.bmp,5
80,4,7,Slide32.bmp,5
80,5,5,Slide32.bmp,5
80,6,5,Slide32.bmp,5
81,1,9,Slide32.bmp,1
81,2,5,Slide32.bmp,1
81,3,7,Slide32.bmp,1
81,4,8,Slide32.bmp,1
81,5,8,Slide32.bmp,1
81,6,7,Slide32.bmp,1
82,1,7,Slide32.bmp,2
82,2,7,Slide32.bmp,2
82,3,9,Slide32.bmp,2
82,4,5,Slide32.bmp,2
82,5,7,Slide32.bmp,2
82,6,6,Slide32.bmp,2
83,1,5,Slide32.bmp,3
83,2,8,Slide32.bmp,3
83,3,6,Slide32.bmp,3
83,4,3,Slide32.bmp,3
83,5,2,Slide32.bmp,3
83,6,4,Slide32.bmp,3
84,1,9,Slide32.bmp,4
84,2,6,Slide32.bmp,4
84,3,5,Slide32.bmp,4
84,4,7,Slide32.bmp,4
84,5,7,Slide32.bmp,4
84,6,7,Slide32.bmp,4
85,1,1,Slide32.bmp,5
85,2,5,Slide32.bmp,5
85,3,3,Slide32.bmp,5
85,4,1,Slide32.bmp,5
85,5,2,Slide32.bmp,5
85,6,4,Slide32.bmp,5
86,1,9,Slide32.bmp,1
86,2,9,Slide32.bmp,1
86,3,1,Slide32.bmp,1
86,4,9,Slide32.bmp,1
86,5,9,Slide32.bmp,1
86,6,5,Slide32.bmp,1
87,1,1,Slide32.bmp,2
87,2,5,Slide32.bmp,2
87,3,5,Slide32.bmp,2
87,4,9,Slide32.bmp,2
87,5,9,Slide32.bmp,2
87,6,5,Slide32.bmp,2
88,1,1,Slide32.bmp,3
88,2,4,Slide32.bmp,3
88,3,7,Slide32.bmp,3
88,4,6,Slide32.bmp,3
88,5,7,Slide32.bmp,3
88,6,6,Slide32.bmp,3
89,1,2,Slide32.bmp,4
89,2,8,Slide32.bmp,4
89,3,5,Slide32.bmp,4
89,4,7,Slide32.bmp,4
89,5,9,Slide32.bmp,4
89,6,7,Slide32.bmp,4
90,1,9,Slide32.bmp,5
90,2,3,Slide32.bmp,5
90,3,9,Slide32.bmp,5
90,4,5,Slide32.bmp,5
90,5,9,Slide32.bmp,5
90,6,9,Slide32.bmp,5
91,1,9,Slide32.bmp,1
91,2,7,Slide32.bmp,1
91,3,7,Slide32.bmp,1
91,4,8,Slide32.bmp,1
91,5,9,Slide32.bmp,1
91,6,7,Slide32.bmp,1
92,1,1,Slide32.bmp,2
92,2,1,Slide32.bmp,2
92,3,5,Slide32.bmp,2
92,4,9,Slide32.bmp,2
92,5,9,Slide32.bmp,2
92,6,5,Slide32.bmp,2
93,1,1,Slide32.bmp,3
93,2,8,Slide32.bmp,3
93,3,5,Slide32.bmp,3
93,4,5,Slide32.bmp,3
93,5,6,Slide32.bmp,3
93,6,5,Slide32.bmp,3
94,1,5,Slide32.bmp,4
94,2,7,Slide32.bmp,4
94,3,6,Slide32.bmp,4
94,4,6,Slide32.bmp,4
94,5,7,Slide32.bmp,4
94,6,7,Slide32.bmp,4
95,1,2,Slide32.bmp,5
95,2,3,Slide32.bmp,5
95,3,6,Slide32.bmp,5
95,4,6,Slide32.bmp,5
95,5,8,Slide32.bmp,5
95,6,6,Slide32.bmp,5
96,1,6,Slide32.bmp,1
96,2,5,Slide32.bmp,1
96,3,7,Slide32.bmp,1
96,4,6,Slide32.bmp,1
96,5,4,Slide32.bmp,1
96,6,7,Slide32.bmp,1
97,1,1,Slide32.bmp,2
97,2,2,Slide32.bmp,2
97,3,5,Slide32.bmp,2
97,4,4,Slide32.bmp,2
97,5,3,Slide32.bmp,2
97,6,5,Slide32.bmp,2
98,1,1,Slide32.bmp,3
98,2,1,Slide32.bmp,3
98,3,5,Slide32.bmp,3
98,4,4,Slide32.bmp,3
98,5,6,Slide32.bmp,3
98,6,1,Slide32.bmp,3
99,1,7,Slide32.bmp,4
99,2,2,Slide32.bmp,4
99,3,4,Slide32.bmp,4
99,4,2,Slide32.bmp,4
99,5,7,Slide32.bmp,4
99,6,5,Slide32.bmp,4
100,1,9,Slide32.bmp,5
100,2,5,Slide32.bmp,5
100,3,6,Slide32.bmp,5
100,4,5,Slide32.bmp,5
100,5,4,Slide32.bmp,5
100,6,4,Slide32.bmp,5
101,1,2,Slide32.bmp,1
101,2,9,Slide32.bmp,1
101,3,8,Slide32.bmp,1
101,4,4,Slide32.bmp,1
101,5,9,Slide32.bmp,1
101,6,5,Slide32.bmp,1
102,1,3,Slide32.bmp,2
102,2,7,Slide32.bmp,2
102,3,7,Slide32.bmp,2
102,4,6,Slide32.bmp,2
102,5,8,Slide32.bmp,2
102,6,5,Slide32.bmp,2
103,1,9,Slide32.bmp,3
103,2,9,Slide32.bmp,3
103,3,9,Slide32.bmp,3
103,4,1,Slide32.bmp,3
103,5,9,Slide32.bmp,3
103,6,1,Slide32.bmp,3
104,1,9,Slide32.bmp,4
104,2,7,Slide32.bmp,4
104,3,6,Slide32.bmp,4
104,4,6,Slide32.bmp,4
104,5,8,Slide32.bmp,4
104,6,5,Slide32.bmp,4
105,1,3,Slide32.bmp,5
105,2,9,Slide32.bmp,5
105,3,6,Slide32.bmp,5
105,4,8,Slide32.bmp,5
105,5,7,Slide32.bmp,5
105,6,9,Slide32.bmp,5
106,1,9,Slide32.bmp,1
106,2,9,Slide32.bmp,1
106,3,9,Slide32.bmp,1
106,4,8,Slide32.bmp,1
106,5,7,Slide32.bmp,1
106,6,6,Slide32.bmp,1
107,1,5,Slide32.bmp,2
107,2,9,Slide32.bmp,2
107,3,5,Slide32.bmp,2
107,4,1,Slide32.bmp,2
107,5,9,Slide32.bmp,2
107,6,5,Slide32.bmp,2
108,1,9,Slide32.bmp,3
108,2,9,Slide32.bmp,3
108,3,9,Slide32.bmp,3
108,4,9,Slide32.bmp,3
108,5,9,Slide32.bmp,3
108,6,9,Slide32.bmp,3
109,1,2,Slide32.bmp,4
109,2,5,Slide32.bmp,4
109,3,3,Slide32.bmp,4
109,4,6,Slide32.bmp,4
109,5,8,Slide32.bmp,4
109,6,6,Slide32.bmp,4
110,1,4,Slide32.bmp,5
110,2,8,Slide32.bmp,5
110,3,7,Slide32.bmp,5
110,4,8,Slide32.bmp,5
110,5,6,Slide32.bmp,5
110,6,5,Slide32.bmp,5
111,1,1,Slide32.bmp,1
111,2,9,Slide32.bmp,1
111,3,9,Slide32.bmp,1
111,4,5,Slide32.bmp,1
111,5,5,Slide32.bmp,1
111,6,9,Slide32.bmp,1
112,1,6,Slide32.bmp,2
112,2,9,Slide32.bmp,2
112,3,9,Slide32.bmp,2
112,4,9,Slide32.bmp,2
112,5,7,Slide32.bmp,2
112,6,6,Slide32.bmp,2
113,1,3,Slide32.bmp,3
113,2,9,Slide32.bmp,3
113,3,4,Slide32.bmp,3
113,4,3,Slide32.bmp,3
113,5,9,Slide32.bmp,3
113,6,9,Slide32.bmp,3
114,1,3,Slide32.bmp,4
114,2,1,Slide32.bmp,4
114,3,5,Slide32.bmp,4
114,4,3,Slide32.bmp,4
114,5,4,Slide32.bmp,4
114,6,5,Slide32.bmp,4
115,1,4,Slide32.bmp,5
115,2,5,Slide32.bmp,5
115,3,5,Slide32.bmp,5
115,4,4,Slide32.bmp,5
115,5,6,Slide32.bmp,5
115,6,4,Slide32.bmp,5
116,1,5,Slide32.bmp,1
116,2,6,Slide32.bmp,1
116,3,6,Slide32.bmp,1
116,4,8,Slide32.bmp,1
116,5,7,Slide32.bmp,1
116,6,8,Slide32.bmp,1
117,1,2,Slide32.bmp,2
117,2,7,Slide32.bmp,2
117,3,9,Slide32.bmp,2
117,4,8,Slide32.bmp,2
117,5,6,Slide32.bmp,2
117,6,5,Slide32.bmp,2
118,1,8,Slide32.bmp,3
118,2,7,Slide32.bmp,3
118,3,5,Slide32.bmp,3
118,4,9,Slide32.bmp,3
118,5,7,Slide32.bmp,3
118,6,5,Slide32.bmp,3
119,1,1,Slide32.bmp,4
119,2,5,Slide32.bmp,4
119,3,6,Slide32.bmp,4
119,4,4,Slide32.bmp,4
119,5,7,Slide32.bmp,4
119,6,4,Slide32.bmp,4
120,1,1,Slide32.bmp,5
120,2,5,Slide32.bmp,5
120,3,5,Slide32.bmp,5
120,4,3,Slide32.bmp,5
120,5,7,Slide32.bmp,5
120,6,7,Slide32.bmp,5
121,1,9,Slide32.bmp,1
121,2,9,Slide32.bmp,1
121,3,5,Slide32.bmp,1
121,4,9,Slide32.bmp,1
121,5,9,Slide32.bmp,1
121,6,7,Slide32.bmp,1
122,1,7,Slide32.bmp,2
122,2,7,Slide32.bmp,2
122,3,7,Slide32.bmp,2
122,4,5,Slide32.bmp,2
122,5,5,Slide32.bmp,2
122,6,6,Slide32.bmp,2
123,1,5,Slide32.bmp,3
123,2,2,Slide32.bmp,3
123,3,5,Slide32.bmp,3
123,4,8,Slide32.bmp,3
123,5,9,Slide32.bmp,3
123,6,5,Slide32.bmp,3
124,1,9,Slide32.bmp,4
124,2,9,Slide32.bmp,4
124,3,9,Slide32.bmp,4
124,4,9,Slide32.bmp,4
124,5,9,Slide32.bmp,4
124,6,5,Slide32.bmp,4
125,1,7,Slide32.bmp,5
125,2,7,Slide32.bmp,5
125,3,6,Slide32.bmp,5
125,4,8,Slide32.bmp,5
125,5,6,Slide32.bmp,5
125,6,5,Slide32.bmp,5
126,1,9,Slide32.bmp,1
126,2,6,Slide32.bmp,1
126,3,6,Slide32.bmp,1
126,4,8,Slide32.bmp,1
126,5,4,Slide32.bmp,1
126,6,9,Slide32.bmp,1
127,1,9,Slide32.bmp,2
127,2,9,Slide32.bmp,2
127,3,5,Slide32.bmp,2
127,4,9,Slide32.bmp,2
127,5,9,Slide32.bmp,2
127,6,5,Slide32.bmp,2
128,1,1,Slide32.bmp,3
128,2,9,Slide32.bmp,3
128,3,9,Slide32.bmp,3
128,4,5,Slide32.bmp,3
128,5,9,Slide32.bmp,3
128,6,5,Slide32.bmp,3
129,1,3,Slide32.bmp,4
129,2,4,Slide32.bmp,4
129,3,5,Slide32.bmp,4
129,4,8,Slide32.bmp,4
129,5,8,Slide32.bmp,4
129,6,4,Slide32.bmp,4
130,1,1,Slide32.bmp,5
130,2,5,Slide32.bmp,5
130,3,4,Slide32.bmp,5
130,4,7,Slide32.bmp,5
130,5,5,Slide32.bmp,5
130,6,3,Slide32.bmp,5
131,1,9,Slide32.bmp,1
131,2,1,Slide32.bmp,1
131,3,5,Slide32.bmp,1
131,4,7,Slide32.bmp,1
131,5,9,Slide32.bmp,1
131,6,7,Slide32.bmp,1
132,1,3,Slide32.bmp,2
132,2,7,Slide32.bmp,2
132,3,7,Slide32.bmp,2
132,4,8,Slide32.bmp,2
132,5,5,Slide32.bmp,2
132,6,6,Slide32.bmp,2
133,1,3,Slide32.bmp,3
133,2,8,Slide32.bmp,3
133,3,2,Slide32.bmp,3
133,4,8,Slide32.bmp,3
133,5,5,Slide32.bmp,3
133,6,4,Slide32.bmp,3
134,1,9,Slide32.bmp,4
134,2,1,Slide32.bmp,4
134,3,9,Slide32.bmp,4
134,4,9,Slide32.bmp,4
134,5,9,Slide32.bmp,4
134,6,9,Slide32.bmp,4
135,1,1,Slide32.bmp,5
135,2,1,Slide32.bmp,5
135,3,1,Slide32.bmp,5
135,4,9,Slide32.bmp,5
135,5,9,Slide32.bmp,5
135,6,5,Slide32.bmp,5
136,1,1,Slide32.bmp,1
136,2,6,Slide32.bmp,1
136,3,6,Slide32.bmp,1
136,4,7,Slide32.bmp,1
136,5,7,Slide32.bmp,1
136,6,7,Slide32.bmp,1
137,1,9,Slide32.bmp,2
137,2,9,Slide32.bmp,2
137,3,6,Slide32.bmp,2
137,4,7,Slide32.bmp,2
137,5,7,Slide32.bmp,2
137,6,7,Slide32.bmp,2
138,1,1,Slide32.bmp,3
138,2,9,Slide32.bmp,3
138,3,5,Slide32.bmp,3
138,4,1,Slide32.bmp,3
138,5,7,Slide32.bmp,3
138,6,9,Slide32.bmp,3
139,1,1,Slide32.bmp,4
139,2,1,Slide32.bmp,4
139,3,1,Slide32.bmp,4
139,4,1,Slide32.bmp,4
139,5,9,Slide32.bmp,4
139,6,9,Slide32.bmp,4
140,1,4,Slide32.bmp,5
140,2,4,Slide32.bmp,5
140,3,4,Slide32.bmp,5
140,4,7,Slide32.bmp,5
140,5,7,Slide32.bmp,5
140,6,5,Slide32.bmp,5
141,1,1,Slide32.bmp,1
141,2,1,Slide32.bmp,1
141,3,8,Slide32.bmp,1
141,4,8,Slide32.bmp,1
141,5,7,Slide32.bmp,1
141,6,8,Slide32.bmp,1
142,1,7,Slide32.bmp,2
142,2,2,Slide32.bmp,2
142,3,3,Slide32.bmp,2
142,4,4,Slide32.bmp,2
142,5,6,Slide32.bmp,2
142,6,1,Slide32.bmp,2
143,1,5,Slide32.bmp,3
143,2,8,Slide32.bmp,3
143,3,9,Slide32.bmp,3
143,4,7,Slide32.bmp,3
143,5,7,Slide32.bmp,3
143,6,7,Slide32.bmp,3
144,1,9,Slide32.bmp,4
144,2,1,Slide32.bmp,4
144,3,5,Slide32.bmp,4
144,4,1,Slide32.bmp,4
144,5,9,Slide32.bmp,4
144,6,9,Slide32.bmp,4
145,1,1,Slide32.bmp,5
145,2,1,Slide32.bmp,5
145,3,5,Slide32.bmp,5
145,4,9,Slide32.bmp,5
145,5,4,Slide32.bmp,5
145,6,5,Slide32.bmp,5
146,1,1,Slide32.bmp,1
146,2,9,Slide32.bmp,1
146,3,5,Slide32.bmp,1
146,4,1,Slide32.bmp,1
146,5,4,Slide32.bmp,1
146,6,9,Slide32.bmp,1
147,1,2,Slide32.bmp,2
147,2,6,Slide32.bmp,2
147,3,3,Slide32.bmp,2
147,4,5,Slide32.bmp,2
147,5,3,Slide32.bmp,2
147,6,2,Slide32.bmp,2
148,1,3,Slide32.bmp,3
148,2,5,Slide32.bmp,3
148,3,7,Slide32.bmp,3
148,4,8,Slide32.bmp,3
148,5,7,Slide32.bmp,3
148,6,6,Slide32.bmp,3
149,1,3,Slide32.bmp,4
149,2,8,Slide32.bmp,4
149,3,6,Slide32.bmp,4
149,4,5,Slide32.bmp,4
149,5,9,Slide32.bmp,4
149,6,7,Slide32.bmp,4
150,1,1,Slide32.bmp,5
150,2,8,Slide32.bmp,5
150,3,1,Slide32.bmp,5
150,4,5,Slide32.bmp,5
150,5,5,Slide32.bmp,5
150,6,1,Slide32.bmp,5
151,1,3,Slide32.bmp,1
151,2,4,Slide32.bmp,1
151,3,7,Slide32.bmp,1
151,4,2,Slide32.bmp,1
151,5,4,Slide32.bmp,1
151,6,6,Slide32.bmp,1
152,1,5,Slide32.bmp,2
152,2,6,Slide32.bmp,2
152,3,7,Slide32.bmp,2
152,4,7,Slide32.bmp,2
152,5,5,Slide32.bmp,2
152,6,6,Slide32.bmp,2
153,1,9,Slide32.bmp,3
153,2,8,Slide32.bmp,3
153,3,5,Slide32.bmp,3
153,4,8,Slide32.bmp,3
153,5,7,Slide32.bmp,3
153,6,4,Slide32.bmp,3
154,1,2,Slide32.bmp,4
154,2,5,Slide32.bmp,4
154,3,2,Slide32.bmp,4
154,4,8,Slide32.bmp,4
154,5,6,Slide32.bmp,4
154,6,7,Slide32.bmp,4
155,1,9,Slide32.bmp,5
155,2,5,Slide32.bmp,5
155,3,5,Slide32.bmp,5
155,4,2,Slide32.bmp,5
155,5,5,Slide32.bmp,5
155,6,5,Slide32.bmp,5
156,1,2,Slide32.bmp,4
156,2,2,Slide32.bmp,4
156,3,7,Slide32.bmp,4
156,4,9,Slide32.bmp,4
156,5,2,Slide32.bmp,4
156,6,2,Slide32.bmp,4
157,1,4,Slide32.bmp,5
157,2,4,Slide32.bmp,5
157,3,8,Slide32.bmp,5
157,4,6,Slide32.bmp,5
157,5,8,Slide32.bmp,5
157,6,8,Slide32.bmp,5
158,1,4,Slide32.bmp,1
158,2,7,Slide32.bmp,1
158,3,6,Slide32.bmp,1
158,4,7,Slide32.bmp,1
158,5,7,Slide32.bmp,1
158,6,5,Slide32.bmp,1
159,1,1,Slide32.bmp,4
159,2,1,Slide32.bmp,4
159,3,5,Slide32.bmp,4
159,4,2,Slide32.bmp,4
159,5,3,Slide32.bmp,4
159,6,5,Slide32.bmp,4
160,1,5,Slide32.bmp,5
160,2,1,Slide32.bmp,5
160,3,7,Slide32.bmp,5
160,4,9,Slide32.bmp,5
160,5,4,Slide32.bmp,5
160,6,1,Slide32.bmp,5
161,1,9,Slide32.bmp,1
161,2,9,Slide32.bmp,1
161,3,7,Slide32.bmp,1
161,4,5,Slide32.bmp,1
161,5,9,Slide32.bmp,1
161,6,7,Slide32.bmp,1
162,1,8,Slide32.bmp,2
162,2,3,Slide32.bmp,2
162,3,5,Slide32.bmp,2
162,4,2,Slide32.bmp,2
162,5,5,Slide32.bmp,2
162,6,8,Slide32.bmp,2
163,1,7,Slide32.bmp,3
163,2,8,Slide32.bmp,3
163,3,5,Slide32.bmp,3
163,4,7,Slide32.bmp,3
163,5,2,Slide32.bmp,3
163,6,3,Slide32.bmp,3
164,1,1,Slide32.bmp,4
164,2,7,Slide32.bmp,4
164,3,5,Slide32.bmp,4
164,4,6,Slide32.bmp,4
164,5,7,Slide32.bmp,4
164,6,5,Slide32.bmp,4
165,1,4,Slide32.bmp,5
165,2,6,Slide32.bmp,5
165,3,7,Slide32.bmp,5
165,4,7,Slide32.bmp,5
165,5,8,Slide32.bmp,5
165,6,5,Slide32.bmp,5
166,1,2,Slide32.bmp,1
166,2,6,Slide32.bmp,1
166,3,5,Slide32.bmp,1
166,4,7,Slide32.bmp,1
166,5,9,Slide32.bmp,1
166,6,4,Slide32.bmp,1
167,1,2,Slide32.bmp,2
167,2,8,Slide32.bmp,2
167,3,6,Slide32.bmp,2
167,4,9,Slide32.bmp,2
167,5,6,Slide32.bmp,2
167,6,8,Slide32.bmp,2
168,1,9,Slide32.bmp,3
168,2,4,Slide32.bmp,3
168,3,9,Slide32.bmp,3
168,4,5,Slide32.bmp,3
168,5,7,Slide32.bmp,3
168,6,8,Slide32.bmp,3
169,1,1,Slide32.bmp,4
169,2,9,Slide32.bmp,4
169,3,9,Slide32.bmp,4
169,4,9,Slide32.bmp,4
169,5,9,Slide32.bmp,4
169,6,5,Slide32.bmp,4
170,1,9,Slide32.bmp,5
170,2,9,Slide32.bmp,5
170,3,9,Slide32.bmp,5
170,4,1,Slide32.bmp,5
170,5,9,Slide32.bmp,5
170,6,9,Slide32.bmp,5
171,1,9,Slide32.bmp,1
171,2,5,Slide32.bmp,1
171,3,5,Slide32.bmp,1
171,4,5,Slide32.bmp,1
171,5,1,Slide32.bmp,1
171,6,9,Slide32.bmp,1
172,1,3,Slide32.bmp,2
172,2,8,Slide32.bmp,2
172,3,7,Slide32.bmp,2
172,4,8,Slide32.bmp,2
172,5,5,Slide32.bmp,2
172,6,8,Slide32.bmp,2
173,1,1,Slide32.bmp,3
173,2,1,Slide32.bmp,3
173,3,1,Slide32.bmp,3
173,4,8,Slide32.bmp,3
173,5,4,Slide32.bmp,3
173,6,2,Slide32.bmp,3
174,1,8,Slide32.bmp,4
174,2,6,Slide32.bmp,4
174,3,8,Slide32.bmp,4
174,4,6,Slide32.bmp,4
174,5,2,Slide32.bmp,4
174,6,2,Slide32.bmp,4
175,1,3,Slide32.bmp,5
175,2,1,Slide32.bmp,5
175,3,2,Slide32.bmp,5
175,4,1,Slide32.bmp,5
175,5,5,Slide32.bmp,5
175,6,7,Slide32.bmp,5
176,1,3,Slide32.bmp,1
176,2,1,Slide32.bmp,1
176,3,3,Slide32.bmp,1
176,4,4,Slide32.bmp,1
176,5,9,Slide32.bmp,1
176,6,5,Slide32.bmp,1
177,1,1,Slide32.bmp,2
177,2,1,Slide32.bmp,2
177,3,5,Slide32.bmp,2
177,4,6,Slide32.bmp,2
177,5,3,Slide32.bmp,2
177,6,5,Slide32.bmp,2
178,1,1,Slide32.bmp,3
178,2,1,Slide32.bmp,3
178,3,5,Slide32.bmp,3
178,4,9,Slide32.bmp,3
178,5,1,Slide32.bmp,3
178,6,5,Slide32.bmp,3
179,1,5,Slide32.bmp,4
179,2,1,Slide32.bmp,4
179,3,9,Slide32.bmp,4
179,4,5,Slide32.bmp,4
179,5,1,Slide32.bmp,4
179,6,9,Slide32.bmp,4
180,1,2,Slide32.bmp,5
180,2,2,Slide32.bmp,5
180,3,9,Slide32.bmp,5
180,4,4,Slide32.bmp,5
180,5,4,Slide32.bmp,5
180,6,5,Slide32.bmp,5
181,1,9,Slide32.bmp,1
181,2,9,Slide32.bmp,1
181,3,9,Slide32.bmp,1
181,4,1,Slide32.bmp,1
181,5,9,Slide32.bmp,1
181,6,9,Slide32.bmp,1
182,1,9,Slide32.bmp,2
182,2,9,Slide32.bmp,2
182,3,7,Slide32.bmp,2
182,4,2,Slide32.bmp,2
182,5,9,Slide32.bmp,2
182,6,7,Slide32.bmp,2
183,1,9,Slide32.bmp,3
183,2,6,Slide32.bmp,3
183,3,5,Slide32.bmp,3
183,4,6,Slide32.bmp,3
183,5,7,Slide32.bmp,3
183,6,7,Slide32.bmp,3
184,1,2,Slide32.bmp,4
184,2,9,Slide32.bmp,4
184,3,2,Slide32.bmp,4
184,4,8,Slide32.bmp,4
184,5,8,Slide32.bmp,4
184,6,4,Slide32.bmp,4
185,1,5,Slide32.bmp,5
185,2,9,Slide32.bmp,5
185,3,5,Slide32.bmp,5
185,4,9,Slide32.bmp,5
185,5,5,Slide32.bmp,5
185,6,9,Slide32.bmp,5
186,1,7,Slide32.bmp,1
186,2,6,Slide32.bmp,1
186,3,6,Slide32.bmp,1
186,4,7,Slide32.bmp,1
186,5,7,Slide32.bmp,1
186,6,7,Slide32.bmp,1
187,1,9,Slide32.bmp,2
187,2,9,Slide32.bmp,2
187,3,9,Slide32.bmp,2
187,4,9,Slide32.bmp,2
187,5,9,Slide32.bmp,2
187,6,5,Slide32.bmp,2
188,1,1,Slide32.bmp,3
188,2,1,Slide32.bmp,3
188,3,1,Slide32.bmp,3
188,4,1,Slide32.bmp,3
188,5,5,Slide32.bmp,3
188,6,5,Slide32.bmp,3
189,1,9,Slide32.bmp,4
189,2,9,Slide32.bmp,4
189,3,6,Slide32.bmp,4
189,4,9,Slide32.bmp,4
189,5,9,Slide32.bmp,4
189,6,2,Slide32.bmp,4
190,1,3,Slide32.bmp,5
190,2,8,Slide32.bmp,5
190,3,6,Slide32.bmp,5
190,4,3,Slide32.bmp,5
190,5,5,Slide32.bmp,5
190,6,2,Slide32.bmp,5
191,1,3,Slide32.bmp,1
191,2,4,Slide32.bmp,1
191,3,5,Slide32.bmp,1
191,4,5,Slide32.bmp,1
191,5,8,Slide32.bmp,1
191,6,3,Slide32.bmp,1
192,1,8,Slide32.bmp,2
192,2,2,Slide32.bmp,2
192,3,6,Slide32.bmp,2
192,4,8,Slide32.bmp,2
192,5,5,Slide32.bmp,2
192,6,6,Slide32.bmp,2
193,1,7,Slide32.bmp,3
193,2,7,Slide32.bmp,3
193,3,8,Slide32.bmp,3
193,4,8,Slide32.bmp,3
193,5,7,Slide32.bmp,3
193,6,8,Slide32.bmp,3
194,1,1,Slide32.bmp,4
194,2,1,Slide32.bmp,4
194,3,9,Slide32.bmp,4
194,4,9,Slide32.bmp,4
194,5,5,Slide32.bmp,4
194,6,9,Slide32.bmp,4
195,1,5,Slide32.bmp,5
195,2,3,Slide32.bmp,5
195,3,5,Slide32.bmp,5
195,4,7,Slide32.bmp,5
195,5,5,Slide32.bmp,5
195,6,3,Slide32.bmp,5
196,1,1,Slide32.bmp,1
196,2,9,Slide32.bmp,1
196,3,9,Slide32.bmp,1
196,4,1,Slide32.bmp,1
196,5,5,Slide32.bmp,1
196,6,5,Slide32.bmp,1
197,1,1,Slide32.bmp,2
197,2,1,Slide32.bmp,2
197,3,5,Slide32.bmp,2
197,4,1,Slide32.bmp,2
197,5,9,Slide32.bmp,2
197,6,7,Slide32.bmp,2
198,1,7,Slide32.bmp,3
198,2,7,Slide32.bmp,3
198,3,6,Slide32.bmp,3
198,4,5,Slide32.bmp,3
198,5,7,Slide32.bmp,3
198,6,7,Slide32.bmp,3
199,1,1,Slide32.bmp,4
199,2,9,Slide32.bmp,4
199,3,9,Slide32.bmp,4
199,4,5,Slide32.bmp,4
199,5,9,Slide32.bmp,4
199,6,9,Slide32.bmp,4
201,1,1,Slide32.bmp,1
201,2,3,Slide32.bmp,1
201,3,3,Slide32.bmp,1
201,4,7,Slide32.bmp,1
201,5,5,Slide32.bmp,1
201,6,2,Slide32.bmp,1
202,1,1,Slide32.bmp,2
202,2,5,Slide32.bmp,2
202,3,9,Slide32.bmp,2
202,4,5,Slide32.bmp,2
202,5,5,Slide32.bmp,2
202,6,9,Slide32.bmp,2
203,1,9,Slide32.bmp,3
203,2,5,Slide32.bmp,3
203,3,9,Slide32.bmp,3
203,4,9,Slide32.bmp,3
203,5,9,Slide32.bmp,3
203,6,5,Slide32.bmp,3
204,1,2,Slide32.bmp,4
204,2,3,Slide32.bmp,4
204,3,2,Slide32.bmp,4
204,4,2,Slide32.bmp,4
204,5,9,Slide32.bmp,4
204,6,2,Slide32.bmp,4
205,1,1,Slide32.bmp,5
205,2,9,Slide32.bmp,5
205,3,3,Slide32.bmp,5
205,4,6,Slide32.bmp,5
205,5,7,Slide32.bmp,5
205,6,4,Slide32.bmp,5
206,1,9,Slide32.bmp,1
206,2,3,Slide32.bmp,1
206,3,2,Slide32.bmp,1
206,4,9,Slide32.bmp,1
206,5,5,Slide32.bmp,1
206,6,9,Slide32.bmp,1
207,1,1,Slide32.bmp,2
207,2,8,Slide32.bmp,2
207,3,5,Slide32.bmp,2
207,4,1,Slide32.bmp,2
207,5,9,Slide32.bmp,2
207,6,5,Slide32.bmp,2
208,1,9,Slide32.bmp,3
208,2,3,Slide32.bmp,3
208,3,5,Slide32.bmp,3
208,4,4,Slide32.bmp,3
208,5,7,Slide32.bmp,3
208,6,6,Slide32.bmp,3
209,1,5,Slide32.bmp,4
209,2,7,Slide32.bmp,4
209,3,7,Slide32.bmp,4
209,4,9,Slide32.bmp,4
209,5,9,Slide32.bmp,4
209,6,5,Slide32.bmp,4
210,1,7,Slide32.bmp,5
210,2,6,Slide32.bmp,5
210,3,4,Slide32.bmp,5
210,4,5,Slide32.bmp,5
210,5,9,Slide32.bmp,5
210,6,3,Slide32.bmp,5
211,1,1,Slide32.bmp,1
211,2,9,Slide32.bmp,1
211,3,4,Slide32.bmp,1
211,4,8,Slide32.bmp,1
211,5,6,Slide32.bmp,1
211,6,9,Slide32.bmp,1
212,1,9,Slide32.bmp,2
212,2,1,Slide32.bmp,2
212,3,9,Slide32.bmp,2
212,4,9,Slide32.bmp,2
212,5,9,Slide32.bmp,2
212,6,1,Slide32.bmp,2
213,1,2,Slide32.bmp,3
213,2,2,Slide32.bmp,3
213,3,5,Slide32.bmp,3
213,4,6,Slide32.bmp,3
213,5,7,Slide32.bmp,3
213,6,5,Slide32.bmp,3
214,1,3,Slide32.bmp,4
214,2,5,Slide32.bmp,4
214,3,5,Slide32.bmp,4
214,4,1,Slide32.bmp,4
214,5,7,Slide32.bmp,4
214,6,6,Slide32.bmp,4
215,1,1,Slide32.bmp,5
215,2,5,Slide32.bmp,5
215,3,9,Slide32.bmp,5
215,4,5,Slide32.bmp,5
215,5,5,Slide32.bmp,5
215,6,9,Slide32.bmp,5
217,1,9,Slide32.bmp,2
217,2,9,Slide32.bmp,2
217,3,5,Slide32.bmp,2
217,4,9,Slide32.bmp,2
217,5,9,Slide32.bmp,2
217,6,5,Slide32.bmp,2
218,1,8,Slide32.bmp,3
218,2,9,Slide32.bmp,3
218,3,9,Slide32.bmp,3
218,4,3,Slide32.bmp,3
218,5,9,Slide32.bmp,3
218,6,9,Slide32.bmp,3
219,1,9,Slide32.bmp,4
219,2,7,Slide32.bmp,4
219,3,5,Slide32.bmp,4
219,4,5,Slide32.bmp,4
219,5,9,Slide32.bmp,4
219,6,5,Slide32.bmp,4
220,1,1,Slide32.bmp,5
220,2,1,Slide32.bmp,5
220,3,6,Slide32.bmp,5
220,4,2,Slide32.bmp,5
220,5,8,Slide32.bmp,5
220,6,2,Slide32.bmp,5
221,1,8,Slide32.bmp,1
221,2,8,Slide32.bmp,1
221,3,3,Slide32.bmp,1
221,4,5,Slide32.bmp,1
221,5,6,Slide32.bmp,1
221,6,6,Slide32.bmp,1
222,1,1,Slide32.bmp,2
222,2,9,Slide32.bmp,2
222,3,5,Slide32.bmp,2
222,4,7,Slide32.bmp,2
222,5,7,Slide32.bmp,2
222,6,7,Slide32.bmp,2
223,1,1,Slide32.bmp,3
223,2,9,Slide32.bmp,3
223,3,9,Slide32.bmp,3
223,4,9,Slide32.bmp,3
223,5,9,Slide32.bmp,3
223,6,7,Slide32.bmp,3
224,1,1,Slide32.bmp,4
224,2,1,Slide32.bmp,4
224,3,5,Slide32.bmp,4
224,4,9,Slide32.bmp,4
224,5,9,Slide32.bmp,4
224,6,5,Slide32.bmp,4
225,1,9,Slide32.bmp,5
225,2,9,Slide32.bmp,5
225,3,7,Slide32.bmp,5
225,4,9,Slide32.bmp,5
225,5,7,Slide32.bmp,5
225,6,8,Slide32.bmp,5
226,1,6,Slide32.bmp,1
226,2,8,Slide32.bmp,1
226,3,7,Slide32.bmp,1
226,4,6,Slide32.bmp,1
226,5,6,Slide32.bmp,1
226,6,5,Slide32.bmp,1
227,1,1,Slide32.bmp,2
227,2,4,Slide32.bmp,2
227,3,2,Slide32.bmp,2
227,4,4,Slide32.bmp,2
227,5,7,Slide32.bmp,2
227,6,7,Slide32.bmp,2
228,1,2,Slide32.bmp,3
228,2,8,Slide32.bmp,3
228,3,7,Slide32.bmp,3
228,4,8,Slide32.bmp,3
228,5,3,Slide32.bmp,3
228,6,5,Slide32.bmp,3
229,1,1,Slide32.bmp,4
229,2,1,Slide32.bmp,4
229,3,9,Slide32.bmp,4
229,4,9,Slide32.bmp,4
229,5,4,Slide32.bmp,4
229,6,3,Slide32.bmp,4
230,1,7,Slide32.bmp,5
230,2,5,Slide32.bmp,5
230,3,6,Slide32.bmp,5
230,4,9,Slide32.bmp,5
230,5,5,Slide32.bmp,5
230,6,3,Slide32.bmp,5
231,1,9,Slide32.bmp,1
231,2,9,Slide32.bmp,1
231,3,9,Slide32.bmp,1
231,4,9,Slide32.bmp,1
231,5,5,Slide32.bmp,1
231,6,7,Slide32.bmp,1
232,1,9,Slide32.bmp,2
232,2,9,Slide32.bmp,2
232,3,9,Slide32.bmp,2
232,4,2,Slide32.bmp,2
232,5,9,Slide32.bmp,2
232,6,5,Slide32.bmp,2
233,1,9,Slide32.bmp,3
233,2,9,Slide32.bmp,3
233,3,9,Slide32.bmp,3
233,4,9,Slide32.bmp,3
233,5,9,Slide32.bmp,3
233,6,5,Slide32.bmp,3
234,1,3,Slide32.bmp,4
234,2,4,Slide32.bmp,4
234,3,5,Slide32.bmp,4
234,4,2,Slide32.bmp,4
234,5,7,Slide32.bmp,4
234,6,5,Slide32.bmp,4
235,1,3,Slide32.bmp,5
235,2,7,Slide32.bmp,5
235,3,7,Slide32.bmp,5
235,4,8,Slide32.bmp,5
235,5,7,Slide32.bmp,5
235,6,4,Slide32.bmp,5
236,1,9,Slide32.bmp,1
236,2,5,Slide32.bmp,1
236,3,6,Slide32.bmp,1
236,4,5,Slide32.bmp,1
236,5,3,Slide32.bmp,1
236,6,7,Slide32.bmp,1
237,1,8,Slide32.bmp,2
237,2,7,Slide32.bmp,2
237,3,7,Slide32.bmp,2
237,4,8,Slide32.bmp,2
237,5,8,Slide32.bmp,2
237,6,8,Slide32.bmp,2
238,1,9,Slide32.bmp,3
238,2,6,Slide32.bmp,3
238,3,8,Slide32.bmp,3
238,4,8,Slide32.bmp,3
238,5,7,Slide32.bmp,3
238,6,7,Slide32.bmp,3
239,1,2,Slide32.bmp,4
239,2,9,Slide32.bmp,4
239,3,5,Slide32.bmp,4
239,4,8,Slide32.bmp,4
239,5,8,Slide32.bmp,4
239,6,7,Slide32.bmp,4
240,1,8,Slide32.bmp,5
240,2,4,Slide32.bmp,5
240,3,6,Slide32.bmp,5
240,4,7,Slide32.bmp,5
240,5,8,Slide32.bmp,5
240,6,4,Slide32.bmp,5
241,1,3,Slide32.bmp,1
241,2,1,Slide32.bmp,1
241,3,6,Slide32.bmp,1
241,4,3,Slide32.bmp,1
241,5,3,Slide32.bmp,1
241,6,4,Slide32.bmp,1
242,1,9,Slide32.bmp,2
242,2,9,Slide32.bmp,2
242,3,1,Slide32.bmp,2
242,4,2,Slide32.bmp,2
242,5,6,Slide32.bmp,2
242,6,6,Slide32.bmp,2
243,1,9,Slide32.bmp,3
243,2,1,Slide32.bmp,3
243,3,1,Slide32.bmp,3
243,4,5,Slide32.bmp,3
243,5,1,Slide32.bmp,3
243,6,9,Slide32.bmp,3
244,1,1,Slide32.bmp,4
244,2,1,Slide32.bmp,4
244,3,9,Slide32.bmp,4
244,4,5,Slide32.bmp,4
244,5,5,Slide32.bmp,4
244,6,9,Slide32.bmp,4
245,1,4,Slide32.bmp,5
245,2,3,Slide32.bmp,5
245,3,4,Slide32.bmp,5
245,4,4,Slide32.bmp,5
245,5,4,Slide32.bmp,5
245,6,9,Slide32.bmp,5
246,1,9,Slide32.bmp,1
246,2,1,Slide32.bmp,1
246,3,1,Slide32.bmp,1
246,4,5,Slide32.bmp,1
246,5,9,Slide32.bmp,1
246,6,1,Slide32.bmp,1
247,1,2,Slide32.bmp,2
247,2,6,Slide32.bmp,2
247,3,8,Slide32.bmp,2
247,4,6,Slide32.bmp,2
247,5,9,Slide32.bmp,2
247,6,8,Slide32.bmp,2
248,1,9,Slide32.bmp,3
248,2,9,Slide32.bmp,3
248,3,7,Slide32.bmp,3
248,4,9,Slide32.bmp,3
248,5,9,Slide32.bmp,3
248,6,6,Slide32.bmp,3
249,1,3,Slide32.bmp,4
249,2,7,Slide32.bmp,4
249,3,9,Slide32.bmp,4
249,4,4,Slide32.bmp,4
249,5,9,Slide32.bmp,4
249,6,7,Slide32.bmp,4
250,1,9,Slide32.bmp,5
250,2,1,Slide32.bmp,5
250,3,8,Slide32.bmp,5
250,4,9,Slide32.bmp,5
250,5,9,Slide32.bmp,5
250,6,9,Slide32.bmp,5
251,1,3,Slide32.bmp,1
251,2,1,Slide32.bmp,1
251,3,9,Slide32.bmp,1
251,4,9,Slide32.bmp,1
251,5,5,Slide32.bmp,1
251,6,5,Slide32.bmp,1
253,1,9,Slide32.bmp,3
253,2,9,Slide32.bmp,3
253,3,5,Slide32.bmp,3
253,4,9,Slide32.bmp,3
253,5,5,Slide32.bmp,3
253,6,5,Slide32.bmp,3
254,1,1,Slide32.bmp,4
254,2,9,Slide32.bmp,4
254,3,6,Slide32.bmp,4
254,4,7,Slide32.bmp,4
254,5,9,Slide32.bmp,4
254,6,9,Slide32.bmp,4
255,1,9,Slide32.bmp,5
255,2,8,Slide32.bmp,5
255,3,5,Slide32.bmp,5
255,4,3,Slide32.bmp,5
255,5,6,Slide32.bmp,5
255,6,4,Slide32.bmp,5
256,1,8,Slide32.bmp,1
256,2,7,Slide32.bmp,1
256,3,9,Slide32.bmp,1
256,4,8,Slide32.bmp,1
256,5,8,Slide32.bmp,1
256,6,6,Slide32.bmp,1
257,1,9,Slide32.bmp,2
257,2,9,Slide32.bmp,2
257,3,5,Slide32.bmp,2
257,4,9,Slide32.bmp,2
257,5,6,Slide32.bmp,2
257,6,7,Slide32.bmp,2
259,1,9,Slide32.bmp,4
259,2,5,Slide32.bmp,4
259,3,9,Slide32.bmp,4
259,4,9,Slide32.bmp,4
259,5,1,Slide32.bmp,4
259,6,5,Slide32.bmp,4
260,1,9,Slide32.bmp,5
260,2,4,Slide32.bmp,5
260,3,6,Slide32.bmp,5
260,4,5,Slide32.bmp,5
260,5,8,Slide32.bmp,5
260,6,4,Slide32.bmp,5
261,1,4,Slide32.bmp,1
261,2,4,Slide32.bmp,1
261,3,4,Slide32.bmp,1
261,4,6,Slide32.bmp,1
261,5,8,Slide32.bmp,1
261,6,9,Slide32.bmp,1
262,1,2,Slide32.bmp,2
262,2,1,Slide32.bmp,2
262,3,5,Slide32.bmp,2
262,4,5,Slide32.bmp,2
262,5,5,Slide32.bmp,2
262,6,3,Slide32.bmp,2
264,1,2,Slide32.bmp,4
264,2,2,Slide32.bmp,4
264,3,1,Slide32.bmp,4
264,4,1,Slide32.bmp,4
264,5,5,Slide32.bmp,4
264,6,1,Slide32.bmp,4
266,1,6,Slide32.bmp,1
266,2,8,Slide32.bmp,1
266,3,4,Slide32.bmp,1
266,4,6,Slide32.bmp,1
266,5,3,Slide32.bmp,1
266,6,5,Slide32.bmp,1
267,1,6,Slide32.bmp,2
267,2,8,Slide32.bmp,2
267,3,3,Slide32.bmp,2
267,4,5,Slide32.bmp,2
267,5,3,Slide32.bmp,2
267,6,8,Slide32.bmp,2
268,1,3,Slide32.bmp,3
268,2,2,Slide32.bmp,3
268,3,6,Slide32.bmp,3
268,4,8,Slide32.bmp,3
268,5,7,Slide32.bmp,3
268,6,7,Slide32.bmp,3
269,1,1,Slide32.bmp,4
269,2,2,Slide32.bmp,4
269,3,7,Slide32.bmp,4
269,4,5,Slide32.bmp,4
269,5,6,Slide32.bmp,4
269,6,7,Slide32.bmp,4
270,1,9,Slide32.bmp,5
270,2,7,Slide32.bmp,5
270,3,5,Slide32.bmp,5
270,4,9,Slide32.bmp,5
270,5,9,Slide32.bmp,5
270,6,7,Slide32.bmp,5
271,1,9,Slide32.bmp,1
271,2,3,Slide32.bmp,1
271,3,7,Slide32.bmp,1
271,4,9,Slide32.bmp,1
271,5,9,Slide32.bmp,1
271,6,9,Slide32.bmp,1
273,1,2,Slide32.bmp,3
273,2,5,Slide32.bmp,3
273,3,6,Slide32.bmp,3
273,4,8,Slide32.bmp,3
273,5,9,Slide32.bmp,3
273,6,6,Slide32.bmp,3
274,1,9,Slide32.bmp,4
274,2,5,Slide32.bmp,4
274,3,3,Slide32.bmp,4
274,4,5,Slide32.bmp,4
274,5,7,Slide32.bmp,4
274,6,8,Slide32.bmp,4
275,1,2,Slide32.bmp,5
275,2,5,Slide32.bmp,5
275,3,5,Slide32.bmp,5
275,4,7,Slide32.bmp,5
275,5,2,Slide32.bmp,5
275,6,3,Slide32.bmp,5
277,1,1,Slide32.bmp,2
277,2,6,Slide32.bmp,2
277,3,3,Slide32.bmp,2
277,4,3,Slide32.bmp,2
277,5,8,Slide32.bmp,2
277,6,5,Slide32.bmp,2
278,1,7,Slide32.bmp,3
278,2,5,Slide32.bmp,3
278,3,6,Slide32.bmp,3
278,4,4,Slide32.bmp,3
278,5,6,Slide32.bmp,3
278,6,6,Slide32.bmp,3
279,1,6,Slide32.bmp,4
279,2,7,Slide32.bmp,4
279,3,8,Slide32.bmp,4
279,4,8,Slide32.bmp,4
279,5,5,Slide32.bmp,4
279,6,6,Slide32.bmp,4
281,1,4,Slide32.bmp,1
281,2,7,Slide32.bmp,1
281,3,6,Slide32.bmp,1
281,4,8,Slide32.bmp,1
281,5,2,Slide32.bmp,1
281,6,6,Slide32.bmp,1
282,1,9,Slide32.bmp,2
282,2,1,Slide32.bmp,2
282,3,5,Slide32.bmp,2
282,4,9,Slide32.bmp,2
282,5,5,Slide32.bmp,2
282,6,5,Slide32.bmp,2
283,1,6,Slide32.bmp,3
283,2,7,Slide32.bmp,3
283,3,3,Slide32.bmp,3
283,4,8,Slide32.bmp,3
283,5,7,Slide32.bmp,3
283,6,5,Slide32.bmp,3
284,1,9,Slide32.bmp,4
284,2,9,Slide32.bmp,4
284,3,9,Slide32.bmp,4
284,4,1,Slide32.bmp,4
284,5,9,Slide32.bmp,4
284,6,9,Slide32.bmp,4
285,1,9,Slide32.bmp,5
285,2,5,Slide32.bmp,5
285,3,6,Slide32.bmp,5
285,4,7,Slide32.bmp,5
285,5,8,Slide32.bmp,5
285,6,7,Slide32.bmp,5
287,1,9,Slide32.bmp,2
287,2,9,Slide32.bmp,2
287,3,7,Slide32.bmp,2
287,4,7,Slide32.bmp,2
287,5,5,Slide32.bmp,2
287,6,9,Slide32.bmp,2
288,1,1,Slide32.bmp,3
288,2,5,Slide32.bmp,3
288,3,2,Slide32.bmp,3
288,4,2,Slide32.bmp,3
288,5,5,Slide32.bmp,3
288,6,1,Slide32.bmp,3
289,1,4,Slide32.bmp,4
289,2,5,Slide32.bmp,4
289,3,4,Slide32.bmp,4
289,4,8,Slide32.bmp,4
289,5,7,Slide32.bmp,4
289,6,5,Slide32.bmp,4
290,1,9,Slide32.bmp,5
290,2,5,Slide32.bmp,5
290,3,5,Slide32.bmp,5
290,4,3,Slide32.bmp,5
290,5,9,Slide32.bmp,5
290,6,5,Slide32.bmp,5
292,1,5,Slide32.bmp,2
292,2,8,Slide32.bmp,2
292,3,3,Slide32.bmp,2
292,4,7,Slide32.bmp,2
292,5,7,Slide32.bmp,2
292,6,5,Slide32.bmp,2
293,1,5,Slide32.bmp,3
293,2,5,Slide32.bmp,3
293,3,6,Slide32.bmp,3
293,4,6,Slide32.bmp,3
293,5,6,Slide32.bmp,3
293,6,5,Slide32.bmp,3
294,1,8,Slide32.bmp,4
294,2,1,Slide32.bmp,4
294,3,1,Slide32.bmp,4
294,4,9,Slide32.bmp,4
294,5,6,Slide32.bmp,4
294,6,9,Slide32.bmp,4
295,1,2,Slide32.bmp,5
295,2,2,Slide32.bmp,5
295,3,7,Slide32.bmp,5
295,4,5,Slide32.bmp,5
295,5,7,Slide32.bmp,5
295,6,5,Slide32.bmp,5
296,1,9,Slide32.bmp,1
296,2,4,Slide32.bmp,1
296,3,4,Slide32.bmp,1
296,4,7,Slide32.bmp,1
296,5,8,Slide32.bmp,1
296,6,7,Slide32.bmp,1
297,1,7,Slide32.bmp,2
297,2,6,Slide32.bmp,2
297,3,5,Slide32.bmp,2
297,4,4,Slide32.bmp,2
297,5,5,Slide32.bmp,2
297,6,7,Slide32.bmp,2
298,1,1,Slide32.bmp,3
298,2,5,Slide32.bmp,3
298,3,6,Slide32.bmp,3
298,4,8,Slide32.bmp,3
298,5,6,Slide32.bmp,3
298,6,5,Slide32.bmp,3
300,1,9,Slide32.bmp,5
300,2,7,Slide32.bmp,5
300,3,5,Slide32.bmp,5
300,4,5,Slide32.bmp,5
300,5,5,Slide32.bmp,5
300,6,3,Slide32.bmp,5
301,1,3,Slide32.bmp,1
301,2,4,Slide32.bmp,1
301,3,5,Slide32.bmp,1
301,4,3,Slide32.bmp,1
301,5,9,Slide32.bmp,1
301,6,4,Slide32.bmp,1
302,1,9,Slide32.bmp,2
302,2,5,Slide32.bmp,2
302,3,2,Slide32.bmp,2
302,4,5,Slide32.bmp,2
302,5,8,Slide32.bmp,2
302,6,3,Slide32.bmp,2
303,1,3,Slide32.bmp,3
303,2,8,Slide32.bmp,3
303,3,6,Slide32.bmp,3
303,4,8,Slide32.bmp,3
303,5,8,Slide32.bmp,3
303,6,2,Slide32.bmp,3
304,1,1,Slide32.bmp,4
304,2,1,Slide32.bmp,4
304,3,6,Slide32.bmp,4
304,4,3,Slide32.bmp,4
304,5,2,Slide32.bmp,4
304,6,2,Slide32.bmp,4
305,1,3,Slide32.bmp,5
305,2,2,Slide32.bmp,5
305,3,5,Slide32.bmp,5
305,4,5,Slide32.bmp,5
305,5,7,Slide32.bmp,5
305,6,2,Slide32.bmp,5
306,1,8,Slide32.bmp,1
306,2,8,Slide32.bmp,1
306,3,5,Slide32.bmp,1
306,4,8,Slide32.bmp,1
306,5,8,Slide32.bmp,1
306,6,5,Slide32.bmp,1
307,1,2,Slide32.bmp,2
307,2,9,Slide32.bmp,2
307,3,7,Slide32.bmp,2
307,4,7,Slide32.bmp,2
307,5,8,Slide32.bmp,2
307,6,2,Slide32.bmp,2
308,1,4,Slide32.bmp,3
308,2,8,Slide32.bmp,3
308,3,5,Slide32.bmp,3
308,4,2,Slide32.bmp,3
308,5,9,Slide32.bmp,3
308,6,9,Slide32.bmp,3
310,1,7,Slide32.bmp,5
310,2,5,Slide32.bmp,5
310,3,4,Slide32.bmp,5
310,4,8,Slide32.bmp,5
310,5,9,Slide32.bmp,5
310,6,3,Slide32.bmp,5
311,1,9,Slide32.bmp,1
311,2,1,Slide32.bmp,1
311,3,9,Slide32.bmp,1
311,4,9,Slide32.bmp,1
311,5,1,Slide32.bmp,1
311,6,9,Slide32.bmp,1
312,1,3,Slide32.bmp,2
312,2,4,Slide32.bmp,2
312,3,4,Slide32.bmp,2
312,4,2,Slide32.bmp,2
312,5,8,Slide32.bmp,2
312,6,5,Slide32.bmp,2
313,1,9,Slide32.bmp,3
313,2,5,Slide32.bmp,3
313,3,1,Slide32.bmp,3
313,4,9,Slide32.bmp,3
313,5,5,Slide32.bmp,3
313,6,1,Slide32.bmp,3
314,1,1,Slide32.bmp,4
314,2,9,Slide32.bmp,4
314,3,9,Slide32.bmp,4
314,4,9,Slide32.bmp,4
314,5,9,Slide32.bmp,4
314,6,5,Slide32.bmp,4
100b,1,9,Slide32.bmp,5
100b,2,5,Slide32.bmp,5
100b,3,6,Slide32.bmp,5
100b,4,5,Slide32.bmp,5
100b,5,4,Slide32.bmp,5
100b,6,4,Slide32.bmp,5
11b,1,8,Slide32.bmp,1
11b,2,7,Slide32.bmp,1
11b,3,8,Slide32.bmp,1
11b,4,7,Slide32.bmp,1
11b,5,9,Slide32.bmp,1
11b,6,9,Slide32.bmp,1
13b,1,1,Slide32.bmp,3
13b,2,7,Slide32.bmp,3
13b,3,2,Slide32.bmp,3
13b,4,9,Slide32.bmp,3
13b,5,9,Slide32.bmp,3
13b,6,5,Slide32.bmp,3
144b,1,9,Slide32.bmp,4
144b,2,1,Slide32.bmp,4
144b,3,5,Slide32.bmp,4
144b,4,1,Slide32.bmp,4
144b,5,9,Slide32.bmp,4
144b,6,9,Slide32.bmp,4
146b,1,1,Slide32.bmp,1
146b,2,9,Slide32.bmp,1
146b,3,5,Slide32.bmp,1
146b,4,1,Slide32.bmp,1
146b,5,4,Slide32.bmp,1
146b,6,9,Slide32.bmp,1
147b,1,2,Slide32.bmp,2
147b,2,6,Slide32.bmp,2
147b,3,3,Slide32.bmp,2
147b,4,5,Slide32.bmp,2
147b,5,3,Slide32.bmp,2
147b,6,2,Slide32.bmp,2
150b,1,1,Slide32.bmp,5
150b,2,8,Slide32.bmp,5
150b,3,1,Slide32.bmp,5
150b,4,5,Slide32.bmp,5
150b,5,5,Slide32.bmp,5
150b,6,1,Slide32.bmp,5
156b,1,2,Slide32.bmp,4
156b,2,2,Slide32.bmp,4
156b,3,7,Slide32.bmp,4
156b,4,9,Slide32.bmp,4
156b,5,2,Slide32.bmp,4
156b,6,2,Slide32.bmp,4
15b,1,1,Slide32.bmp,5
15b,2,1,Slide32.bmp,5
15b,3,9,Slide32.bmp,5
15b,4,9,Slide32.bmp,5
15b,5,5,Slide32.bmp,5
15b,6,5,Slide32.bmp,5
170b,1,9,Slide32.bmp,5
170b,2,9,Slide32.bmp,5
170b,3,9,Slide32.bmp,5
170b,4,1,Slide32.bmp,5
170b,5,9,Slide32.bmp,5
170b,6,9,Slide32.bmp,5
174b,1,8,Slide32.bmp,4
174b,2,6,Slide32.bmp,4
174b,3,8,Slide32.bmp,4
174b,4,6,Slide32.bmp,4
174b,5,2,Slide32.bmp,4
174b,6,2,Slide32.bmp,4
17b,1,3,Slide32.bmp,2
17b,2,5,Slide32.bmp,2
17b,3,9,Slide32.bmp,2
17b,4,3,Slide32.bmp,2
17b,5,5,Slide32.bmp,2
17b,6,7,Slide32.bmp,2
184b,1,2,Slide32.bmp,4
184b,2,9,Slide32.bmp,4
184b,3,2,Slide32.bmp,4
184b,4,8,Slide32.bmp,4
184b,5,8,Slide32.bmp,4
184b,6,4,Slide32.bmp,4
188b,1,1,Slide32.bmp,3
188b,2,1,Slide32.bmp,3
188b,3,1,Slide32.bmp,3
188b,4,1,Slide32.bmp,3
188b,5,5,Slide32.bmp,3
188b,6,5,Slide32.bmp,3
191b,1,3,Slide32.bmp,1
191b,2,4,Slide32.bmp,1
191b,3,5,Slide32.bmp,1
191b,4,5,Slide32.bmp,1
191b,5,8,Slide32.bmp,1
191b,6,3,Slide32.bmp,1
196b,1,1,Slide32.bmp,1
196b,2,9,Slide32.bmp,1
196b,3,9,Slide32.bmp,1
196b,4,1,Slide32.bmp,1
196b,5,5,Slide32.bmp,1
196b,6,5,Slide32.bmp,1
19b,1,1,Slide32.bmp,4
19b,2,9,Slide32.bmp,4
19b,3,1,Slide32.bmp,4
19b,4,8,Slide32.bmp,4
19b,5,1,Slide32.bmp,4
19b,6,4,Slide32.bmp,4
201b,1,1,Slide32.bmp,1
201b,2,3,Slide32.bmp,1
201b,3,3,Slide32.bmp,1
201b,4,7,Slide32.bmp,1
201b,5,5,Slide32.bmp,1
201b,6,2,Slide32.bmp,1
201c,1,8,Slide32.bmp,1
201c,2,5,Slide32.bmp,1
201c,3,9,Slide32.bmp,1
201c,4,9,Slide32.bmp,1
201c,5,9,Slide32.bmp,1
201c,6,5,Slide32.bmp,1
203b,1,9,Slide32.bmp,3
203b,2,5,Slide32.bmp,3
203b,3,9,Slide32.bmp,3
203b,4,9,Slide32.bmp,3
203b,5,9,Slide32.bmp,3
203b,6,5,Slide32.bmp,3
207b,1,1,Slide32.bmp,2
207b,2,8,Slide32.bmp,2
207b,3,5,Slide32.bmp,2
207b,4,1,Slide32.bmp,2
207b,5,9,Slide32.bmp,2
207b,6,5,Slide32.bmp,2
211b,1,1,Slide32.bmp,1
211b,2,9,Slide32.bmp,1
211b,3,4,Slide32.bmp,1
211b,4,8,Slide32.bmp,1
211b,5,6,Slide32.bmp,1
211b,6,9,Slide32.bmp,1
216b,1,6,Slide32.bmp,1
216b,2,7,Slide32.bmp,1
216b,3,5,Slide32.bmp,1
216b,4,7,Slide32.bmp,1
216b,5,8,Slide32.bmp,1
216b,6,7,Slide32.bmp,1
218b,1,8,Slide32.bmp,3
218b,2,9,Slide32.bmp,3
218b,3,9,Slide32.bmp,3
218b,4,3,Slide32.bmp,3
218b,5,9,Slide32.bmp,3
218b,6,9,Slide32.bmp,3
222b,1,1,Slide32.bmp,2
222b,2,9,Slide32.bmp,2
222b,3,5,Slide32.bmp,2
222b,4,7,Slide32.bmp,2
222b,5,7,Slide32.bmp,2
222b,6,7,Slide32.bmp,2
231b,1,9,Slide32.bmp,1
231b,2,9,Slide32.bmp,1
231b,3,9,Slide32.bmp,1
231b,4,9,Slide32.bmp,1
231b,5,5,Slide32.bmp,1
231b,6,7,Slide32.bmp,1
237b,1,8,Slide32.bmp,2
237b,2,7,Slide32.bmp,2
237b,3,7,Slide32.bmp,2
237b,4,8,Slide32.bmp,2
237b,5,8,Slide32.bmp,2
237b,6,8,Slide32.bmp,2
244b,1,1,Slide32.bmp,4
244b,2,1,Slide32.bmp,4
244b,3,9,Slide32.bmp,4
244b,4,5,Slide32.bmp,4
244b,5,5,Slide32.bmp,4
244b,6,9,Slide32.bmp,4
248b,1,9,Slide32.bmp,3
248b,2,9,Slide32.bmp,3
248b,3,7,Slide32.bmp,3
248b,4,9,Slide32.bmp,3
248b,5,9,Slide32.bmp,3
248b,6,6,Slide32.bmp,3
254b,1,1,Slide32.bmp,4
254b,2,9,Slide32.bmp,4
254b,3,6,Slide32.bmp,4
254b,4,7,Slide32.bmp,4
254b,5,9,Slide32.bmp,4
254b,6,9,Slide32.bmp,4
260b,1,9,Slide32.bmp,5
260b,2,4,Slide32.bmp,5
260b,3,6,Slide32.bmp,5
260b,4,5,Slide32.bmp,5
260b,5,8,Slide32.bmp,5
260b,6,4,Slide32.bmp,5
266b,1,6,Slide32.bmp,1
266b,2,8,Slide32.bmp,1
266b,3,4,Slide32.bmp,1
266b,4,6,Slide32.bmp,1
266b,5,3,Slide32.bmp,1
266b,6,5,Slide32.bmp,1
269b,1,1,Slide32.bmp,4
269b,2,2,Slide32.bmp,4
269b,3,7,Slide32.bmp,4
269b,4,5,Slide32.bmp,4
269b,5,6,Slide32.bmp,4
269b,6,7,Slide32.bmp,4
282b,1,9,Slide32.bmp,2
282b,2,1,Slide32.bmp,2
282b,3,5,Slide32.bmp,2
282b,4,9,Slide32.bmp,2
282b,5,5,Slide32.bmp,2
282b,6,5,Slide32.bmp,2
288b,1,1,Slide32.bmp,3
288b,2,5,Slide32.bmp,3
288b,3,2,Slide32.bmp,3
288b,4,2,Slide32.bmp,3
288b,5,5,Slide32.bmp,3
288b,6,1,Slide32.bmp,3
292b,1,5,Slide32.bmp,2
292b,2,8,Slide32.bmp,2
292b,3,3,Slide32.bmp,2
292b,4,7,Slide32.bmp,2
292b,5,7,Slide32.bmp,2
292b,6,5,Slide32.bmp,2
297b,1,7,Slide32.bmp,2
297b,2,6,Slide32.bmp,2
297b,3,5,Slide32.bmp,2
297b,4,4,Slide32.bmp,2
297b,5,5,Slide32.bmp,2
297b,6,7,Slide32.bmp,2
303b,1,3,Slide32.bmp,3
303b,2,8,Slide32.bmp,3
303b,3,6,Slide32.bmp,3
303b,4,8,Slide32.bmp,3
303b,5,8,Slide32.bmp,3
303b,6,2,Slide32.bmp,3
307b,1,2,Slide32.bmp,2
307b,2,9,Slide32.bmp,2
307b,3,7,Slide32.bmp,2
307b,4,7,Slide32.bmp,2
307b,5,8,Slide32.bmp,2
307b,6,2,Slide32.bmp,2
313b,1,9,Slide32.bmp,3
313b,2,5,Slide32.bmp,3
313b,3,1,Slide32.bmp,3
313b,4,9,Slide32.bmp,3
313b,5,5,Slide32.bmp,3
313b,6,1,Slide32.bmp,3
46b,1,9,Slide32.bmp,1
46b,2,9,Slide32.bmp,1
46b,3,4,Slide32.bmp,1
46b,4,9,Slide32.bmp,1
46b,5,9,Slide32.bmp,1
46b,6,4,Slide32.bmp,1
66b,1,4,Slide32.bmp,1
66b,2,4,Slide32.bmp,1
66b,3,4,Slide32.bmp,1
66b,4,6,Slide32.bmp,1
66b,5,4,Slide32.bmp,1
66b,6,5,Slide32.bmp,1
75b,1,3,Slide32.bmp,5
75b,2,8,Slide32.bmp,5
75b,3,5,Slide32.bmp,5
75b,4,6,Slide32.bmp,5
75b,5,5,Slide32.bmp,5
75b,6,5,Slide32.bmp,5
