index,participant_id,prime_condition,prime_condition_names,trial_number,masc_rating
0,11,1,neutral,1,8
1,11,1,neutral,2,7
2,11,1,neutral,3,8
3,11,1,neutral,4,7
4,11,1,neutral,5,9
5,11,1,neutral,6,9
6,12,2,male/male,1,9
7,12,2,male/male,2,5
8,12,2,male/male,3,5
9,12,2,male/male,4,7
10,12,2,male/male,5,7
11,12,2,male/male,6,8
12,13,3,male group,1,1
13,13,3,male group,2,7
14,13,3,male group,3,2
15,13,3,male group,4,9
16,13,3,male group,5,9
17,13,3,male group,6,5
18,14,4,male/female,1,1
19,14,4,male/female,2,1
20,14,4,male/female,3,1
21,14,4,male/female,4,3
22,14,4,male/female,5,2
23,14,4,male/female,6,2
24,15,5,pathogen,1,1
25,15,5,pathogen,2,1
26,15,5,pathogen,3,9
27,15,5,pathogen,4,9
28,15,5,pathogen,5,5
29,15,5,pathogen,6,5
30,16,1,neutral,1,8
31,16,1,neutral,2,9
32,16,1,neutral,3,6
33,16,1,neutral,4,8
34,16,1,neutral,5,9
35,16,1,neutral,6,7
36,17,2,male/male,1,3
37,17,2,male/male,2,5
38,17,2,male/male,3,9
39,17,2,male/male,4,3
40,17,2,male/male,5,5
41,17,2,male/male,6,7
42,19,4,male/female,1,1
43,19,4,male/female,2,9
44,19,4,male/female,3,1
45,19,4,male/female,4,8
46,19,4,male/female,5,1
47,19,4,male/female,6,4
48,20,5,pathogen,1,1
49,20,5,pathogen,2,3
50,20,5,pathogen,3,4
51,20,5,pathogen,4,2
52,20,5,pathogen,5,5
53,20,5,pathogen,6,7
54,21,1,neutral,1,1
55,21,1,neutral,2,9
56,21,1,neutral,3,9
57,21,1,neutral,4,9
58,21,1,neutral,5,9
59,21,1,neutral,6,5
60,22,2,male/male,1,4
61,22,2,male/male,2,7
62,22,2,male/male,3,5
63,22,2,male/male,4,7
64,22,2,male/male,5,6
65,22,2,male/male,6,5
66,23,3,male group,1,9
67,23,3,male group,2,5
68,23,3,male group,3,5
69,23,3,male group,4,9
70,23,3,male group,5,7
71,23,3,male group,6,5
72,24,4,male/female,1,3
73,24,4,male/female,2,3
74,24,4,male/female,3,2
75,24,4,male/female,4,9
76,24,4,male/female,5,1
77,24,4,male/female,6,3
78,25,5,pathogen,1,9
79,25,5,pathogen,2,9
80,25,5,pathogen,3,5
81,25,5,pathogen,4,7
82,25,5,pathogen,5,5
83,25,5,pathogen,6,5
84,26,1,neutral,1,9
85,26,1,neutral,2,7
86,26,1,neutral,3,3
87,26,1,neutral,4,5
88,26,1,neutral,5,6
89,26,1,neutral,6,6
90,27,2,male/male,1,3
91,27,2,male/male,2,4
92,27,2,male/male,3,6
93,27,2,male/male,4,3
94,27,2,male/male,5,4
95,27,2,male/male,6,2
96,28,3,male group,1,3
97,28,3,male group,2,1
98,28,3,male group,3,4
99,28,3,male group,4,8
100,28,3,male group,5,7
101,28,3,male group,6,5
102,29,4,male/female,1,1
103,29,4,male/female,2,9
104,29,4,male/female,3,9
105,29,4,male/female,4,5
106,29,4,male/female,5,5
107,29,4,male/female,6,9
108,30,5,pathogen,1,9
109,30,5,pathogen,2,9
110,30,5,pathogen,3,5
111,30,5,pathogen,4,9
112,30,5,pathogen,5,5
113,30,5,pathogen,6,9
114,31,1,neutral,1,9
115,31,1,neutral,2,6
116,31,1,neutral,3,5
117,31,1,neutral,4,7
118,31,1,neutral,5,7
119,31,1,neutral,6,8
120,32,2,male/male,1,9
121,32,2,male/male,2,5
122,32,2,male/male,3,9
123,32,2,male/male,4,9
124,32,2,male/male,5,9
125,32,2,male/male,6,5
126,33,3,male group,1,9
127,33,3,male group,2,8
128,33,3,male group,3,9
129,33,3,male group,4,9
130,33,3,male group,5,6
131,33,3,male group,6,8
132,34,4,male/female,1,4
133,34,4,male/female,2,7
134,34,4,male/female,3,9
135,34,4,male/female,4,9
136,34,4,male/female,5,9
137,34,4,male/female,6,7
138,35,5,pathogen,1,9
139,35,5,pathogen,2,9
140,35,5,pathogen,3,9
141,35,5,pathogen,4,7
142,35,5,pathogen,5,7
143,35,5,pathogen,6,7
144,36,1,neutral,1,1
145,36,1,neutral,2,1
146,36,1,neutral,3,5
147,36,1,neutral,4,9
148,36,1,neutral,5,5
149,36,1,neutral,6,9
150,37,2,male/male,1,7
151,37,2,male/male,2,8
152,37,2,male/male,3,7
153,37,2,male/male,4,7
154,37,2,male/male,5,7
155,37,2,male/male,6,8
156,38,3,male group,1,9
157,38,3,male group,2,4
158,38,3,male group,3,9
159,38,3,male group,4,5
160,38,3,male group,5,9
161,38,3,male group,6,9
162,39,4,male/female,1,9
163,39,4,male/female,2,7
164,39,4,male/female,3,5
165,39,4,male/female,4,6
166,39,4,male/female,5,6
167,39,4,male/female,6,5
168,40,5,pathogen,1,3
169,40,5,pathogen,2,5
170,40,5,pathogen,3,8
171,40,5,pathogen,4,8
172,40,5,pathogen,5,6
173,40,5,pathogen,6,7
174,41,1,neutral,1,7
175,41,1,neutral,2,8
176,41,1,neutral,3,8
177,41,1,neutral,4,5
178,41,1,neutral,5,7
179,41,1,neutral,6,8
180,42,2,male/male,1,1
181,42,2,male/male,2,5
182,42,2,male/male,3,7
183,42,2,male/male,4,7
184,42,2,male/male,5,4
185,42,2,male/male,6,6
186,43,3,male group,1,9
187,43,3,male group,2,9
188,43,3,male group,3,9
189,43,3,male group,4,9
190,43,3,male group,5,9
191,43,3,male group,6,5
192,44,4,male/female,1,2
193,44,4,male/female,2,2
194,44,4,male/female,3,1
195,44,4,male/female,4,4
196,44,4,male/female,5,7
197,44,4,male/female,6,5
198,45,5,pathogen,1,9
199,45,5,pathogen,2,5
200,45,5,pathogen,3,9
201,45,5,pathogen,4,9
202,45,5,pathogen,5,9
203,45,5,pathogen,6,1
204,47,2,male/male,1,9
205,47,2,male/male,2,1
206,47,2,male/male,3,2
207,47,2,male/male,4,7
208,47,2,male/male,5,5
209,47,2,male/male,6,2
210,48,3,male group,1,9
211,48,3,male group,2,9
212,48,3,male group,3,4
213,48,3,male group,4,3
214,48,3,male group,5,5
215,48,3,male group,6,5
216,49,4,male/female,1,8
217,49,4,male/female,2,9
218,49,4,male/female,3,7
219,49,4,male/female,4,5
220,49,4,male/female,5,5
221,49,4,male/female,6,7
222,50,5,pathogen,1,3
223,50,5,pathogen,2,1
224,50,5,pathogen,3,5
225,50,5,pathogen,4,6
226,50,5,pathogen,5,8
227,50,5,pathogen,6,2
228,51,1,neutral,1,1
229,51,1,neutral,2,3
230,51,1,neutral,3,8
231,51,1,neutral,4,5
232,51,1,neutral,5,2
233,51,1,neutral,6,7
234,52,2,male/male,1,7
235,52,2,male/male,2,5
236,52,2,male/male,3,6
237,52,2,male/male,4,6
238,52,2,male/male,5,8
239,52,2,male/male,6,6
240,53,3,male group,1,1
241,53,3,male group,2,5
242,53,3,male group,3,5
243,53,3,male group,4,9
244,53,3,male group,5,9
245,53,3,male group,6,9
246,54,4,male/female,1,9
247,54,4,male/female,2,9
248,54,4,male/female,3,5
249,54,4,male/female,4,9
250,54,4,male/female,5,9
251,54,4,male/female,6,5
252,55,5,pathogen,1,2
253,55,5,pathogen,2,4
254,55,5,pathogen,3,4
255,55,5,pathogen,4,3
256,55,5,pathogen,5,3
257,55,5,pathogen,6,1
258,56,1,neutral,1,2
259,56,1,neutral,2,5
260,56,1,neutral,3,7
261,56,1,neutral,4,8
262,56,1,neutral,5,6
263,56,1,neutral,6,6
264,57,2,male/male,1,7
265,57,2,male/male,2,5
266,57,2,male/male,3,6
267,57,2,male/male,4,8
268,57,2,male/male,5,4
269,57,2,male/male,6,7
270,59,4,male/female,1,1
271,59,4,male/female,2,2
272,59,4,male/female,3,2
273,59,4,male/female,4,1
274,59,4,male/female,5,2
275,59,4,male/female,6,5
276,60,5,pathogen,1,5
277,60,5,pathogen,2,5
278,60,5,pathogen,3,7
279,60,5,pathogen,4,5
280,60,5,pathogen,5,6
281,60,5,pathogen,6,8
282,61,1,neutral,1,9
283,61,1,neutral,2,5
284,61,1,neutral,3,7
285,61,1,neutral,4,1
286,61,1,neutral,5,9
287,61,1,neutral,6,9
288,62,2,male/male,1,9
289,62,2,male/male,2,9
290,62,2,male/male,3,5
291,62,2,male/male,4,9
292,62,2,male/male,5,9
293,62,2,male/male,6,9
294,63,3,male group,1,9
295,63,3,male group,2,7
296,63,3,male group,3,5
297,63,3,male group,4,6
298,63,3,male group,5,8
299,63,3,male group,6,5
300,64,4,male/female,1,1
301,64,4,male/female,2,3
302,64,4,male/female,3,4
303,64,4,male/female,4,6
304,64,4,male/female,5,1
305,64,4,male/female,6,4
306,65,5,pathogen,1,5
307,65,5,pathogen,2,7
308,65,5,pathogen,3,5
309,65,5,pathogen,4,5
310,65,5,pathogen,5,7
311,65,5,pathogen,6,5
312,66,1,neutral,1,4
313,66,1,neutral,2,4
314,66,1,neutral,3,4
315,66,1,neutral,4,6
316,66,1,neutral,5,4
317,66,1,neutral,6,5
318,67,2,male/male,1,9
319,67,2,male/male,2,1
320,67,2,male/male,3,2
321,67,2,male/male,4,9
322,67,2,male/male,5,9
323,67,2,male/male,6,9
324,68,3,male group,1,9
325,68,3,male group,2,9
326,68,3,male group,3,9
327,68,3,male group,4,5
328,68,3,male group,5,9
329,68,3,male group,6,9
330,69,4,male/female,1,5
331,69,4,male/female,2,3
332,69,4,male/female,3,2
333,69,4,male/female,4,3
334,69,4,male/female,5,4
335,69,4,male/female,6,6
336,70,5,pathogen,1,9
337,70,5,pathogen,2,3
338,70,5,pathogen,3,7
339,70,5,pathogen,4,8
340,70,5,pathogen,5,6
341,70,5,pathogen,6,9
342,71,1,neutral,1,6
343,71,1,neutral,2,8
344,71,1,neutral,3,8
345,71,1,neutral,4,8
346,71,1,neutral,5,7
347,71,1,neutral,6,5
348,72,2,male/male,1,1
349,72,2,male/male,2,6
350,72,2,male/male,3,7
351,72,2,male/male,4,7
352,72,2,male/male,5,8
353,72,2,male/male,6,8
354,73,3,male group,1,1
355,73,3,male group,2,9
356,73,3,male group,3,5
357,73,3,male group,4,9
358,73,3,male group,5,9
359,73,3,male group,6,9
360,74,4,male/female,1,3
361,74,4,male/female,2,5
362,74,4,male/female,3,4
363,74,4,male/female,4,7
364,74,4,male/female,5,6
365,74,4,male/female,6,7
366,75,5,pathogen,1,3
367,75,5,pathogen,2,8
368,75,5,pathogen,3,5
369,75,5,pathogen,4,6
370,75,5,pathogen,5,5
371,75,5,pathogen,6,5
372,76,1,neutral,1,8
373,76,1,neutral,2,8
374,76,1,neutral,3,5
375,76,1,neutral,4,8
376,76,1,neutral,5,8
377,76,1,neutral,6,5
378,77,2,male/male,1,9
379,77,2,male/male,2,9
380,77,2,male/male,3,9
381,77,2,male/male,4,9
382,77,2,male/male,5,5
383,77,2,male/male,6,9
384,78,3,male group,1,1
385,78,3,male group,2,3
386,78,3,male group,3,6
387,78,3,male group,4,8
388,78,3,male group,5,1
389,78,3,male group,6,9
390,79,4,male/female,1,3
391,79,4,male/female,2,2
392,79,4,male/female,3,3
393,79,4,male/female,4,2
394,79,4,male/female,5,3
395,79,4,male/female,6,3
396,80,5,pathogen,1,5
397,80,5,pathogen,2,7
398,80,5,pathogen,3,7
399,80,5,pathogen,4,7
400,80,5,pathogen,5,5
401,80,5,pathogen,6,5
402,81,1,neutral,1,9
403,81,1,neutral,2,5
404,81,1,neutral,3,7
405,81,1,neutral,4,8
406,81,1,neutral,5,8
407,81,1,neutral,6,7
408,82,2,male/male,1,7
409,82,2,male/male,2,7
410,82,2,male/male,3,9
411,82,2,male/male,4,5
412,82,2,male/male,5,7
413,82,2,male/male,6,6
414,83,3,male group,1,5
415,83,3,male group,2,8
416,83,3,male group,3,6
417,83,3,male group,4,3
418,83,3,male group,5,2
419,83,3,male group,6,4
420,84,4,male/female,1,9
421,84,4,male/female,2,6
422,84,4,male/female,3,5
423,84,4,male/female,4,7
424,84,4,male/female,5,7
425,84,4,male/female,6,7
426,85,5,pathogen,1,1
427,85,5,pathogen,2,5
428,85,5,pathogen,3,3
429,85,5,pathogen,4,1
430,85,5,pathogen,5,2
431,85,5,pathogen,6,4
432,86,1,neutral,1,9
433,86,1,neutral,2,9
434,86,1,neutral,3,1
435,86,1,neutral,4,9
436,86,1,neutral,5,9
437,86,1,neutral,6,5
438,87,2,male/male,1,1
439,87,2,male/male,2,5
440,87,2,male/male,3,5
441,87,2,male/male,4,9
442,87,2,male/male,5,9
443,87,2,male/male,6,5
444,88,3,male group,1,1
445,88,3,male group,2,4
446,88,3,male group,3,7
447,88,3,male group,4,6
448,88,3,male group,5,7
449,88,3,male group,6,6
450,89,4,male/female,1,2
451,89,4,male/female,2,8
452,89,4,male/female,3,5
453,89,4,male/female,4,7
454,89,4,male/female,5,9
455,89,4,male/female,6,7
456,90,5,pathogen,1,9
457,90,5,pathogen,2,3
458,90,5,pathogen,3,9
459,90,5,pathogen,4,5
460,90,5,pathogen,5,9
461,90,5,pathogen,6,9
462,91,1,neutral,1,9
463,91,1,neutral,2,7
464,91,1,neutral,3,7
465,91,1,neutral,4,8
466,91,1,neutral,5,9
467,91,1,neutral,6,7
468,92,2,male/male,1,1
469,92,2,male/male,2,1
470,92,2,male/male,3,5
471,92,2,male/male,4,9
472,92,2,male/male,5,9
473,92,2,male/male,6,5
474,93,3,male group,1,1
475,93,3,male group,2,8
476,93,3,male group,3,5
477,93,3,male group,4,5
478,93,3,male group,5,6
479,93,3,male group,6,5
480,94,4,male/female,1,5
481,94,4,male/female,2,7
482,94,4,male/female,3,6
483,94,4,male/female,4,6
484,94,4,male/female,5,7
485,94,4,male/female,6,7
486,95,5,pathogen,1,2
487,95,5,pathogen,2,3
488,95,5,pathogen,3,6
489,95,5,pathogen,4,6
490,95,5,pathogen,5,8
491,95,5,pathogen,6,6
492,96,1,neutral,1,6
493,96,1,neutral,2,5
494,96,1,neutral,3,7
495,96,1,neutral,4,6
496,96,1,neutral,5,4
497,96,1,neutral,6,7
498,97,2,male/male,1,1
499,97,2,male/male,2,2
500,97,2,male/male,3,5
501,97,2,male/male,4,4
502,97,2,male/male,5,3
503,97,2,male/male,6,5
504,98,3,male group,1,1
505,98,3,male group,2,1
506,98,3,male group,3,5
507,98,3,male group,4,4
508,98,3,male group,5,6
509,98,3,male group,6,1
510,99,4,male/female,1,7
511,99,4,male/female,2,2
512,99,4,male/female,3,4
513,99,4,male/female,4,2
514,99,4,male/female,5,7
515,99,4,male/female,6,5
516,100,5,pathogen,1,9
517,100,5,pathogen,2,5
518,100,5,pathogen,3,6
519,100,5,pathogen,4,5
520,100,5,pathogen,5,4
521,100,5,pathogen,6,4
522,101,1,neutral,1,2
523,101,1,neutral,2,9
524,101,1,neutral,3,8
525,101,1,neutral,4,4
526,101,1,neutral,5,9
527,101,1,neutral,6,5
528,102,2,male/male,1,3
529,102,2,male/male,2,7
530,102,2,male/male,3,7
531,102,2,male/male,4,6
532,102,2,male/male,5,8
533,102,2,male/male,6,5
534,103,3,male group,1,9
535,103,3,male group,2,9
536,103,3,male group,3,9
537,103,3,male group,4,1
538,103,3,male group,5,9
539,103,3,male group,6,1
540,104,4,male/female,1,9
541,104,4,male/female,2,7
542,104,4,male/female,3,6
543,104,4,male/female,4,6
544,104,4,male/female,5,8
545,104,4,male/female,6,5
546,105,5,pathogen,1,3
547,105,5,pathogen,2,9
548,105,5,pathogen,3,6
549,105,5,pathogen,4,8
550,105,5,pathogen,5,7
551,105,5,pathogen,6,9
552,106,1,neutral,1,9
553,106,1,neutral,2,9
554,106,1,neutral,3,9
555,106,1,neutral,4,8
556,106,1,neutral,5,7
557,106,1,neutral,6,6
558,107,2,male/male,1,5
559,107,2,male/male,2,9
560,107,2,male/male,3,5
561,107,2,male/male,4,1
562,107,2,male/male,5,9
563,107,2,male/male,6,5
564,108,3,male group,1,9
565,108,3,male group,2,9
566,108,3,male group,3,9
567,108,3,male group,4,9
568,108,3,male group,5,9
569,108,3,male group,6,9
570,109,4,male/female,1,2
571,109,4,male/female,2,5
572,109,4,male/female,3,3
573,109,4,male/female,4,6
574,109,4,male/female,5,8
575,109,4,male/female,6,6
576,110,5,pathogen,1,4
577,110,5,pathogen,2,8
578,110,5,pathogen,3,7
579,110,5,pathogen,4,8
580,110,5,pathogen,5,6
581,110,5,pathogen,6,5
582,111,1,neutral,1,1
583,111,1,neutral,2,9
584,111,1,neutral,3,9
585,111,1,neutral,4,5
586,111,1,neutral,5,5
587,111,1,neutral,6,9
588,112,2,male/male,1,6
589,112,2,male/male,2,9
590,112,2,male/male,3,9
591,112,2,male/male,4,9
592,112,2,male/male,5,7
593,112,2,male/male,6,6
594,113,3,male group,1,3
595,113,3,male group,2,9
596,113,3,male group,3,4
597,113,3,male group,4,3
598,113,3,male group,5,9
599,113,3,male group,6,9
600,114,4,male/female,1,3
601,114,4,male/female,2,1
602,114,4,male/female,3,5
603,114,4,male/female,4,3
604,114,4,male/female,5,4
605,114,4,male/female,6,5
606,115,5,pathogen,1,4
607,115,5,pathogen,2,5
608,115,5,pathogen,3,5
609,115,5,pathogen,4,4
610,115,5,pathogen,5,6
611,115,5,pathogen,6,4
612,116,1,neutral,1,5
613,116,1,neutral,2,6
614,116,1,neutral,3,6
615,116,1,neutral,4,8
616,116,1,neutral,5,7
617,116,1,neutral,6,8
618,117,2,male/male,1,2
619,117,2,male/male,2,7
620,117,2,male/male,3,9
621,117,2,male/male,4,8
622,117,2,male/male,5,6
623,117,2,male/male,6,5
624,118,3,male group,1,8
625,118,3,male group,2,7
626,118,3,male group,3,5
627,118,3,male group,4,9
628,118,3,male group,5,7
629,118,3,male group,6,5
630,119,4,male/female,1,1
631,119,4,male/female,2,5
632,119,4,male/female,3,6
633,119,4,male/female,4,4
634,119,4,male/female,5,7
635,119,4,male/female,6,4
636,120,5,pathogen,1,1
637,120,5,pathogen,2,5
638,120,5,pathogen,3,5
639,120,5,pathogen,4,3
640,120,5,pathogen,5,7
641,120,5,pathogen,6,7
642,121,1,neutral,1,9
643,121,1,neutral,2,9
644,121,1,neutral,3,5
645,121,1,neutral,4,9
646,121,1,neutral,5,9
647,121,1,neutral,6,7
648,122,2,male/male,1,7
649,122,2,male/male,2,7
650,122,2,male/male,3,7
651,122,2,male/male,4,5
652,122,2,male/male,5,5
653,122,2,male/male,6,6
654,123,3,male group,1,5
655,123,3,male group,2,2
656,123,3,male group,3,5
657,123,3,male group,4,8
658,123,3,male group,5,9
659,123,3,male group,6,5
660,124,4,male/female,1,9
661,124,4,male/female,2,9
662,124,4,male/female,3,9
663,124,4,male/female,4,9
664,124,4,male/female,5,9
665,124,4,male/female,6,5
666,125,5,pathogen,1,7
667,125,5,pathogen,2,7
668,125,5,pathogen,3,6
669,125,5,pathogen,4,8
670,125,5,pathogen,5,6
671,125,5,pathogen,6,5
672,126,1,neutral,1,9
673,126,1,neutral,2,6
674,126,1,neutral,3,6
675,126,1,neutral,4,8
676,126,1,neutral,5,4
677,126,1,neutral,6,9
678,127,2,male/male,1,9
679,127,2,male/male,2,9
680,127,2,male/male,3,5
681,127,2,male/male,4,9
682,127,2,male/male,5,9
683,127,2,male/male,6,5
684,128,3,male group,1,1
685,128,3,male group,2,9
686,128,3,male group,3,9
687,128,3,male group,4,5
688,128,3,male group,5,9
689,128,3,male group,6,5
690,129,4,male/female,1,3
691,129,4,male/female,2,4
692,129,4,male/female,3,5
693,129,4,male/female,4,8
694,129,4,male/female,5,8
695,129,4,male/female,6,4
696,130,5,pathogen,1,1
697,130,5,pathogen,2,5
698,130,5,pathogen,3,4
699,130,5,pathogen,4,7
700,130,5,pathogen,5,5
701,130,5,pathogen,6,3
702,131,1,neutral,1,9
703,131,1,neutral,2,1
704,131,1,neutral,3,5
705,131,1,neutral,4,7
706,131,1,neutral,5,9
707,131,1,neutral,6,7
708,132,2,male/male,1,3
709,132,2,male/male,2,7
710,132,2,male/male,3,7
711,132,2,male/male,4,8
712,132,2,male/male,5,5
713,132,2,male/male,6,6
714,133,3,male group,1,3
715,133,3,male group,2,8
716,133,3,male group,3,2
717,133,3,male group,4,8
718,133,3,male group,5,5
719,133,3,male group,6,4
720,134,4,male/female,1,9
721,134,4,male/female,2,1
722,134,4,male/female,3,9
723,134,4,male/female,4,9
724,134,4,male/female,5,9
725,134,4,male/female,6,9
726,135,5,pathogen,1,1
727,135,5,pathogen,2,1
728,135,5,pathogen,3,1
729,135,5,pathogen,4,9
730,135,5,pathogen,5,9
731,135,5,pathogen,6,5
732,136,1,neutral,1,1
733,136,1,neutral,2,6
734,136,1,neutral,3,6
735,136,1,neutral,4,7
736,136,1,neutral,5,7
737,136,1,neutral,6,7
738,137,2,male/male,1,9
739,137,2,male/male,2,9
740,137,2,male/male,3,6
741,137,2,male/male,4,7
742,137,2,male/male,5,7
743,137,2,male/male,6,7
744,138,3,male group,1,1
745,138,3,male group,2,9
746,138,3,male group,3,5
747,138,3,male group,4,1
748,138,3,male group,5,7
749,138,3,male group,6,9
750,139,4,male/female,1,1
751,139,4,male/female,2,1
752,139,4,male/female,3,1
753,139,4,male/female,4,1
754,139,4,male/female,5,9
755,139,4,male/female,6,9
756,140,5,pathogen,1,4
757,140,5,pathogen,2,4
758,140,5,pathogen,3,4
759,140,5,pathogen,4,7
760,140,5,pathogen,5,7
761,140,5,pathogen,6,5
762,141,1,neutral,1,1
763,141,1,neutral,2,1
764,141,1,neutral,3,8
765,141,1,neutral,4,8
766,141,1,neutral,5,7
767,141,1,neutral,6,8
768,142,2,male/male,1,7
769,142,2,male/male,2,2
770,142,2,male/male,3,3
771,142,2,male/male,4,4
772,142,2,male/male,5,6
773,142,2,male/male,6,1
774,143,3,male group,1,5
775,143,3,male group,2,8
776,143,3,male group,3,9
777,143,3,male group,4,7
778,143,3,male group,5,7
779,143,3,male group,6,7
780,144,4,male/female,1,9
781,144,4,male/female,2,1
782,144,4,male/female,3,5
783,144,4,male/female,4,1
784,144,4,male/female,5,9
785,144,4,male/female,6,9
786,145,5,pathogen,1,1
787,145,5,pathogen,2,1
788,145,5,pathogen,3,5
789,145,5,pathogen,4,9
790,145,5,pathogen,5,4
791,145,5,pathogen,6,5
792,146,1,neutral,1,1
793,146,1,neutral,2,9
794,146,1,neutral,3,5
795,146,1,neutral,4,1
796,146,1,neutral,5,4
797,146,1,neutral,6,9
798,147,2,male/male,1,2
799,147,2,male/male,2,6
800,147,2,male/male,3,3
801,147,2,male/male,4,5
802,147,2,male/male,5,3
803,147,2,male/male,6,2
804,148,3,male group,1,3
805,148,3,male group,2,5
806,148,3,male group,3,7
807,148,3,male group,4,8
808,148,3,male group,5,7
809,148,3,male group,6,6
810,149,4,male/female,1,3
811,149,4,male/female,2,8
812,149,4,male/female,3,6
813,149,4,male/female,4,5
814,149,4,male/female,5,9
815,149,4,male/female,6,7
816,150,5,pathogen,1,1
817,150,5,pathogen,2,8
818,150,5,pathogen,3,1
819,150,5,pathogen,4,5
820,150,5,pathogen,5,5
821,150,5,pathogen,6,1
822,151,1,neutral,1,3
823,151,1,neutral,2,4
824,151,1,neutral,3,7
825,151,1,neutral,4,2
826,151,1,neutral,5,4
827,151,1,neutral,6,6
828,152,2,male/male,1,5
829,152,2,male/male,2,6
830,152,2,male/male,3,7
831,152,2,male/male,4,7
832,152,2,male/male,5,5
833,152,2,male/male,6,6
834,153,3,male group,1,9
835,153,3,male group,2,8
836,153,3,male group,3,5
837,153,3,male group,4,8
838,153,3,male group,5,7
839,153,3,male group,6,4
840,154,4,male/female,1,2
841,154,4,male/female,2,5
842,154,4,male/female,3,2
843,154,4,male/female,4,8
844,154,4,male/female,5,6
845,154,4,male/female,6,7
846,155,5,pathogen,1,9
847,155,5,pathogen,2,5
848,155,5,pathogen,3,5
849,155,5,pathogen,4,2
850,155,5,pathogen,5,5
851,155,5,pathogen,6,5
852,156,4,male/female,1,2
853,156,4,male/female,2,2
854,156,4,male/female,3,7
855,156,4,male/female,4,9
856,156,4,male/female,5,2
857,156,4,male/female,6,2
858,157,5,pathogen,1,4
859,157,5,pathogen,2,4
860,157,5,pathogen,3,8
861,157,5,pathogen,4,6
862,157,5,pathogen,5,8
863,157,5,pathogen,6,8
864,158,1,neutral,1,4
865,158,1,neutral,2,7
866,158,1,neutral,3,6
867,158,1,neutral,4,7
868,158,1,neutral,5,7
869,158,1,neutral,6,5
870,159,4,male/female,1,1
871,159,4,male/female,2,1
872,159,4,male/female,3,5
873,159,4,male/female,4,2
874,159,4,male/female,5,3
875,159,4,male/female,6,5
876,160,5,pathogen,1,5
877,160,5,pathogen,2,1
878,160,5,pathogen,3,7
879,160,5,pathogen,4,9
880,160,5,pathogen,5,4
881,160,5,pathogen,6,1
882,161,1,neutral,1,9
883,161,1,neutral,2,9
884,161,1,neutral,3,7
885,161,1,neutral,4,5
886,161,1,neutral,5,9
887,161,1,neutral,6,7
888,162,2,male/male,1,8
889,162,2,male/male,2,3
890,162,2,male/male,3,5
891,162,2,male/male,4,2
892,162,2,male/male,5,5
893,162,2,male/male,6,8
894,163,3,male group,1,7
895,163,3,male group,2,8
896,163,3,male group,3,5
897,163,3,male group,4,7
898,163,3,male group,5,2
899,163,3,male group,6,3
900,164,4,male/female,1,1
901,164,4,male/female,2,7
902,164,4,male/female,3,5
903,164,4,male/female,4,6
904,164,4,male/female,5,7
905,164,4,male/female,6,5
906,165,5,pathogen,1,4
907,165,5,pathogen,2,6
908,165,5,pathogen,3,7
909,165,5,pathogen,4,7
910,165,5,pathogen,5,8
911,165,5,pathogen,6,5
912,166,1,neutral,1,2
913,166,1,neutral,2,6
914,166,1,neutral,3,5
915,166,1,neutral,4,7
916,166,1,neutral,5,9
917,166,1,neutral,6,4
918,167,2,male/male,1,2
919,167,2,male/male,2,8
920,167,2,male/male,3,6
921,167,2,male/male,4,9
922,167,2,male/male,5,6
923,167,2,male/male,6,8
924,168,3,male group,1,9
925,168,3,male group,2,4
926,168,3,male group,3,9
927,168,3,male group,4,5
928,168,3,male group,5,7
929,168,3,male group,6,8
930,169,4,male/female,1,1
931,169,4,male/female,2,9
932,169,4,male/female,3,9
933,169,4,male/female,4,9
934,169,4,male/female,5,9
935,169,4,male/female,6,5
936,170,5,pathogen,1,9
937,170,5,pathogen,2,9
938,170,5,pathogen,3,9
939,170,5,pathogen,4,1
940,170,5,pathogen,5,9
941,170,5,pathogen,6,9
942,171,1,neutral,1,9
943,171,1,neutral,2,5
944,171,1,neutral,3,5
945,171,1,neutral,4,5
946,171,1,neutral,5,1
947,171,1,neutral,6,9
948,172,2,male/male,1,3
949,172,2,male/male,2,8
950,172,2,male/male,3,7
951,172,2,male/male,4,8
952,172,2,male/male,5,5
953,172,2,male/male,6,8
954,173,3,male group,1,1
955,173,3,male group,2,1
956,173,3,male group,3,1
957,173,3,male group,4,8
958,173,3,male group,5,4
959,173,3,male group,6,2
960,174,4,male/female,1,8
961,174,4,male/female,2,6
962,174,4,male/female,3,8
963,174,4,male/female,4,6
964,174,4,male/female,5,2
965,174,4,male/female,6,2
966,175,5,pathogen,1,3
967,175,5,pathogen,2,1
968,175,5,pathogen,3,2
969,175,5,pathogen,4,1
970,175,5,pathogen,5,5
971,175,5,pathogen,6,7
972,176,1,neutral,1,3
973,176,1,neutral,2,1
974,176,1,neutral,3,3
975,176,1,neutral,4,4
976,176,1,neutral,5,9
977,176,1,neutral,6,5
978,177,2,male/male,1,1
979,177,2,male/male,2,1
980,177,2,male/male,3,5
981,177,2,male/male,4,6
982,177,2,male/male,5,3
983,177,2,male/male,6,5
984,178,3,male group,1,1
985,178,3,male group,2,1
986,178,3,male group,3,5
987,178,3,male group,4,9
988,178,3,male group,5,1
989,178,3,male group,6,5
990,179,4,male/female,1,5
991,179,4,male/female,2,1
992,179,4,male/female,3,9
993,179,4,male/female,4,5
994,179,4,male/female,5,1
995,179,4,male/female,6,9
996,180,5,pathogen,1,2
997,180,5,pathogen,2,2
998,180,5,pathogen,3,9
999,180,5,pathogen,4,4
1000,180,5,pathogen,5,4
1001,180,5,pathogen,6,5
1002,181,1,neutral,1,9
1003,181,1,neutral,2,9
1004,181,1,neutral,3,9
1005,181,1,neutral,4,1
1006,181,1,neutral,5,9
1007,181,1,neutral,6,9
1008,182,2,male/male,1,9
1009,182,2,male/male,2,9
1010,182,2,male/male,3,7
1011,182,2,male/male,4,2
1012,182,2,male/male,5,9
1013,182,2,male/male,6,7
1014,183,3,male group,1,9
1015,183,3,male group,2,6
1016,183,3,male group,3,5
1017,183,3,male group,4,6
1018,183,3,male group,5,7
1019,183,3,male group,6,7
1020,184,4,male/female,1,2
1021,184,4,male/female,2,9
1022,184,4,male/female,3,2
1023,184,4,male/female,4,8
1024,184,4,male/female,5,8
1025,184,4,male/female,6,4
1026,185,5,pathogen,1,5
1027,185,5,pathogen,2,9
1028,185,5,pathogen,3,5
1029,185,5,pathogen,4,9
1030,185,5,pathogen,5,5
1031,185,5,pathogen,6,9
1032,186,1,neutral,1,7
1033,186,1,neutral,2,6
1034,186,1,neutral,3,6
1035,186,1,neutral,4,7
1036,186,1,neutral,5,7
1037,186,1,neutral,6,7
1038,187,2,male/male,1,9
1039,187,2,male/male,2,9
1040,187,2,male/male,3,9
1041,187,2,male/male,4,9
1042,187,2,male/male,5,9
1043,187,2,male/male,6,5
1044,188,3,male group,1,1
1045,188,3,male group,2,1
1046,188,3,male group,3,1
1047,188,3,male group,4,1
1048,188,3,male group,5,5
1049,188,3,male group,6,5
1050,189,4,male/female,1,9
1051,189,4,male/female,2,9
1052,189,4,male/female,3,6
1053,189,4,male/female,4,9
1054,189,4,male/female,5,9
1055,189,4,male/female,6,2
1056,190,5,pathogen,1,3
1057,190,5,pathogen,2,8
1058,190,5,pathogen,3,6
1059,190,5,pathogen,4,3
1060,190,5,pathogen,5,5
1061,190,5,pathogen,6,2
1062,191,1,neutral,1,3
1063,191,1,neutral,2,4
1064,191,1,neutral,3,5
1065,191,1,neutral,4,5
1066,191,1,neutral,5,8
1067,191,1,neutral,6,3
1068,192,2,male/male,1,8
1069,192,2,male/male,2,2
1070,192,2,male/male,3,6
1071,192,2,male/male,4,8
1072,192,2,male/male,5,5
1073,192,2,male/male,6,6
1074,193,3,male group,1,7
1075,193,3,male group,2,7
1076,193,3,male group,3,8
1077,193,3,male group,4,8
1078,193,3,male group,5,7
1079,193,3,male group,6,8
1080,194,4,male/female,1,1
1081,194,4,male/female,2,1
1082,194,4,male/female,3,9
1083,194,4,male/female,4,9
1084,194,4,male/female,5,5
1085,194,4,male/female,6,9
1086,195,5,pathogen,1,5
1087,195,5,pathogen,2,3
1088,195,5,pathogen,3,5
1089,195,5,pathogen,4,7
1090,195,5,pathogen,5,5
1091,195,5,pathogen,6,3
1092,196,1,neutral,1,1
1093,196,1,neutral,2,9
1094,196,1,neutral,3,9
1095,196,1,neutral,4,1
1096,196,1,neutral,5,5
1097,196,1,neutral,6,5
1098,197,2,male/male,1,1
1099,197,2,male/male,2,1
1100,197,2,male/male,3,5
1101,197,2,male/male,4,1
1102,197,2,male/male,5,9
1103,197,2,male/male,6,7
1104,198,3,male group,1,7
1105,198,3,male group,2,7
1106,198,3,male group,3,6
1107,198,3,male group,4,5
1108,198,3,male group,5,7
1109,198,3,male group,6,7
1110,199,4,male/female,1,1
1111,199,4,male/female,2,9
1112,199,4,male/female,3,9
1113,199,4,male/female,4,5
1114,199,4,male/female,5,9
1115,199,4,male/female,6,9
1116,201,1,neutral,1,1
1117,201,1,neutral,2,3
1118,201,1,neutral,3,3
1119,201,1,neutral,4,7
1120,201,1,neutral,5,5
1121,201,1,neutral,6,2
1122,202,2,male/male,1,1
1123,202,2,male/male,2,5
1124,202,2,male/male,3,9
1125,202,2,male/male,4,5
1126,202,2,male/male,5,5
1127,202,2,male/male,6,9
1128,203,3,male group,1,9
1129,203,3,male group,2,5
1130,203,3,male group,3,9
1131,203,3,male group,4,9
1132,203,3,male group,5,9
1133,203,3,male group,6,5
1134,204,4,male/female,1,2
1135,204,4,male/female,2,3
1136,204,4,male/female,3,2
1137,204,4,male/female,4,2
1138,204,4,male/female,5,9
1139,204,4,male/female,6,2
1140,205,5,pathogen,1,1
1141,205,5,pathogen,2,9
1142,205,5,pathogen,3,3
1143,205,5,pathogen,4,6
1144,205,5,pathogen,5,7
1145,205,5,pathogen,6,4
1146,206,1,neutral,1,9
1147,206,1,neutral,2,3
1148,206,1,neutral,3,2
1149,206,1,neutral,4,9
1150,206,1,neutral,5,5
1151,206,1,neutral,6,9
1152,207,2,male/male,1,1
1153,207,2,male/male,2,8
1154,207,2,male/male,3,5
1155,207,2,male/male,4,1
1156,207,2,male/male,5,9
1157,207,2,male/male,6,5
1158,208,3,male group,1,9
1159,208,3,male group,2,3
1160,208,3,male group,3,5
1161,208,3,male group,4,4
1162,208,3,male group,5,7
1163,208,3,male group,6,6
1164,209,4,male/female,1,5
1165,209,4,male/female,2,7
1166,209,4,male/female,3,7
1167,209,4,male/female,4,9
1168,209,4,male/female,5,9
1169,209,4,male/female,6,5
1170,210,5,pathogen,1,7
1171,210,5,pathogen,2,6
1172,210,5,pathogen,3,4
1173,210,5,pathogen,4,5
1174,210,5,pathogen,5,9
1175,210,5,pathogen,6,3
1176,211,1,neutral,1,1
1177,211,1,neutral,2,9
1178,211,1,neutral,3,4
1179,211,1,neutral,4,8
1180,211,1,neutral,5,6
1181,211,1,neutral,6,9
1182,212,2,male/male,1,9
1183,212,2,male/male,2,1
1184,212,2,male/male,3,9
1185,212,2,male/male,4,9
1186,212,2,male/male,5,9
1187,212,2,male/male,6,1
1188,213,3,male group,1,2
1189,213,3,male group,2,2
1190,213,3,male group,3,5
1191,213,3,male group,4,6
1192,213,3,male group,5,7
1193,213,3,male group,6,5
1194,214,4,male/female,1,3
1195,214,4,male/female,2,5
1196,214,4,male/female,3,5
1197,214,4,male/female,4,1
1198,214,4,male/female,5,7
1199,214,4,male/female,6,6
1200,215,5,pathogen,1,1
1201,215,5,pathogen,2,5
1202,215,5,pathogen,3,9
1203,215,5,pathogen,4,5
1204,215,5,pathogen,5,5
1205,215,5,pathogen,6,9
1206,217,2,male/male,1,9
1207,217,2,male/male,2,9
1208,217,2,male/male,3,5
1209,217,2,male/male,4,9
1210,217,2,male/male,5,9
1211,217,2,male/male,6,5
1212,218,3,male group,1,8
1213,218,3,male group,2,9
1214,218,3,male group,3,9
1215,218,3,male group,4,3
1216,218,3,male group,5,9
1217,218,3,male group,6,9
1218,219,4,male/female,1,9
1219,219,4,male/female,2,7
1220,219,4,male/female,3,5
1221,219,4,male/female,4,5
1222,219,4,male/female,5,9
1223,219,4,male/female,6,5
1224,220,5,pathogen,1,1
1225,220,5,pathogen,2,1
1226,220,5,pathogen,3,6
1227,220,5,pathogen,4,2
1228,220,5,pathogen,5,8
1229,220,5,pathogen,6,2
1230,221,1,neutral,1,8
1231,221,1,neutral,2,8
1232,221,1,neutral,3,3
1233,221,1,neutral,4,5
1234,221,1,neutral,5,6
1235,221,1,neutral,6,6
1236,222,2,male/male,1,1
1237,222,2,male/male,2,9
1238,222,2,male/male,3,5
1239,222,2,male/male,4,7
1240,222,2,male/male,5,7
1241,222,2,male/male,6,7
1242,223,3,male group,1,1
1243,223,3,male group,2,9
1244,223,3,male group,3,9
1245,223,3,male group,4,9
1246,223,3,male group,5,9
1247,223,3,male group,6,7
1248,224,4,male/female,1,1
1249,224,4,male/female,2,1
1250,224,4,male/female,3,5
1251,224,4,male/female,4,9
1252,224,4,male/female,5,9
1253,224,4,male/female,6,5
1254,225,5,pathogen,1,9
1255,225,5,pathogen,2,9
1256,225,5,pathogen,3,7
1257,225,5,pathogen,4,9
1258,225,5,pathogen,5,7
1259,225,5,pathogen,6,8
1260,226,1,neutral,1,6
1261,226,1,neutral,2,8
1262,226,1,neutral,3,7
1263,226,1,neutral,4,6
1264,226,1,neutral,5,6
1265,226,1,neutral,6,5
1266,227,2,male/male,1,1
1267,227,2,male/male,2,4
1268,227,2,male/male,3,2
1269,227,2,male/male,4,4
1270,227,2,male/male,5,7
1271,227,2,male/male,6,7
1272,228,3,male group,1,2
1273,228,3,male group,2,8
1274,228,3,male group,3,7
1275,228,3,male group,4,8
1276,228,3,male group,5,3
1277,228,3,male group,6,5
1278,229,4,male/female,1,1
1279,229,4,male/female,2,1
1280,229,4,male/female,3,9
1281,229,4,male/female,4,9
1282,229,4,male/female,5,4
1283,229,4,male/female,6,3
1284,230,5,pathogen,1,7
1285,230,5,pathogen,2,5
1286,230,5,pathogen,3,6
1287,230,5,pathogen,4,9
1288,230,5,pathogen,5,5
1289,230,5,pathogen,6,3
1290,231,1,neutral,1,9
1291,231,1,neutral,2,9
1292,231,1,neutral,3,9
1293,231,1,neutral,4,9
1294,231,1,neutral,5,5
1295,231,1,neutral,6,7
1296,232,2,male/male,1,9
1297,232,2,male/male,2,9
1298,232,2,male/male,3,9
1299,232,2,male/male,4,2
1300,232,2,male/male,5,9
1301,232,2,male/male,6,5
1302,233,3,male group,1,9
1303,233,3,male group,2,9
1304,233,3,male group,3,9
1305,233,3,male group,4,9
1306,233,3,male group,5,9
1307,233,3,male group,6,5
1308,234,4,male/female,1,3
1309,234,4,male/female,2,4
1310,234,4,male/female,3,5
1311,234,4,male/female,4,2
1312,234,4,male/female,5,7
1313,234,4,male/female,6,5
1314,235,5,pathogen,1,3
1315,235,5,pathogen,2,7
1316,235,5,pathogen,3,7
1317,235,5,pathogen,4,8
1318,235,5,pathogen,5,7
1319,235,5,pathogen,6,4
1320,236,1,neutral,1,9
1321,236,1,neutral,2,5
1322,236,1,neutral,3,6
1323,236,1,neutral,4,5
1324,236,1,neutral,5,3
1325,236,1,neutral,6,7
1326,237,2,male/male,1,8
1327,237,2,male/male,2,7
1328,237,2,male/male,3,7
1329,237,2,male/male,4,8
1330,237,2,male/male,5,8
1331,237,2,male/male,6,8
1332,238,3,male group,1,9
1333,238,3,male group,2,6
1334,238,3,male group,3,8
1335,238,3,male group,4,8
1336,238,3,male group,5,7
1337,238,3,male group,6,7
1338,239,4,male/female,1,2
1339,239,4,male/female,2,9
1340,239,4,male/female,3,5
1341,239,4,male/female,4,8
1342,239,4,male/female,5,8
1343,239,4,male/female,6,7
1344,240,5,pathogen,1,8
1345,240,5,pathogen,2,4
1346,240,5,pathogen,3,6
1347,240,5,pathogen,4,7
1348,240,5,pathogen,5,8
1349,240,5,pathogen,6,4
1350,241,1,neutral,1,3
1351,241,1,neutral,2,1
1352,241,1,neutral,3,6
1353,241,1,neutral,4,3
1354,241,1,neutral,5,3
1355,241,1,neutral,6,4
1356,242,2,male/male,1,9
1357,242,2,male/male,2,9
1358,242,2,male/male,3,1
1359,242,2,male/male,4,2
1360,242,2,male/male,5,6
1361,242,2,male/male,6,6
1362,243,3,male group,1,9
1363,243,3,male group,2,1
1364,243,3,male group,3,1
1365,243,3,male group,4,5
1366,243,3,male group,5,1
1367,243,3,male group,6,9
1368,244,4,male/female,1,1
1369,244,4,male/female,2,1
1370,244,4,male/female,3,9
1371,244,4,male/female,4,5
1372,244,4,male/female,5,5
1373,244,4,male/female,6,9
1374,245,5,pathogen,1,4
1375,245,5,pathogen,2,3
1376,245,5,pathogen,3,4
1377,245,5,pathogen,4,4
1378,245,5,pathogen,5,4
1379,245,5,pathogen,6,9
1380,246,1,neutral,1,9
1381,246,1,neutral,2,1
1382,246,1,neutral,3,1
1383,246,1,neutral,4,5
1384,246,1,neutral,5,9
1385,246,1,neutral,6,1
1386,247,2,male/male,1,2
1387,247,2,male/male,2,6
1388,247,2,male/male,3,8
1389,247,2,male/male,4,6
1390,247,2,male/male,5,9
1391,247,2,male/male,6,8
1392,248,3,male group,1,9
1393,248,3,male group,2,9
1394,248,3,male group,3,7
1395,248,3,male group,4,9
1396,248,3,male group,5,9
1397,248,3,male group,6,6
1398,249,4,male/female,1,3
1399,249,4,male/female,2,7
1400,249,4,male/female,3,9
1401,249,4,male/female,4,4
1402,249,4,male/female,5,9
1403,249,4,male/female,6,7
1404,250,5,pathogen,1,9
1405,250,5,pathogen,2,1
1406,250,5,pathogen,3,8
1407,250,5,pathogen,4,9
1408,250,5,pathogen,5,9
1409,250,5,pathogen,6,9
1410,251,1,neutral,1,3
1411,251,1,neutral,2,1
1412,251,1,neutral,3,9
1413,251,1,neutral,4,9
1414,251,1,neutral,5,5
1415,251,1,neutral,6,5
1416,253,3,male group,1,9
1417,253,3,male group,2,9
1418,253,3,male group,3,5
1419,253,3,male group,4,9
1420,253,3,male group,5,5
1421,253,3,male group,6,5
1422,254,4,male/female,1,1
1423,254,4,male/female,2,9
1424,254,4,male/female,3,6
1425,254,4,male/female,4,7
1426,254,4,male/female,5,9
1427,254,4,male/female,6,9
1428,255,5,pathogen,1,9
1429,255,5,pathogen,2,8
1430,255,5,pathogen,3,5
1431,255,5,pathogen,4,3
1432,255,5,pathogen,5,6
1433,255,5,pathogen,6,4
1434,256,1,neutral,1,8
1435,256,1,neutral,2,7
1436,256,1,neutral,3,9
1437,256,1,neutral,4,8
1438,256,1,neutral,5,8
1439,256,1,neutral,6,6
1440,257,2,male/male,1,9
1441,257,2,male/male,2,9
1442,257,2,male/male,3,5
1443,257,2,male/male,4,9
1444,257,2,male/male,5,6
1445,257,2,male/male,6,7
1446,259,4,male/female,1,9
1447,259,4,male/female,2,5
1448,259,4,male/female,3,9
1449,259,4,male/female,4,9
1450,259,4,male/female,5,1
1451,259,4,male/female,6,5
1452,260,5,pathogen,1,9
1453,260,5,pathogen,2,4
1454,260,5,pathogen,3,6
1455,260,5,pathogen,4,5
1456,260,5,pathogen,5,8
1457,260,5,pathogen,6,4
1458,261,1,neutral,1,4
1459,261,1,neutral,2,4
1460,261,1,neutral,3,4
1461,261,1,neutral,4,6
1462,261,1,neutral,5,8
1463,261,1,neutral,6,9
1464,262,2,male/male,1,2
1465,262,2,male/male,2,1
1466,262,2,male/male,3,5
1467,262,2,male/male,4,5
1468,262,2,male/male,5,5
1469,262,2,male/male,6,3
1470,264,4,male/female,1,2
1471,264,4,male/female,2,2
1472,264,4,male/female,3,1
1473,264,4,male/female,4,1
1474,264,4,male/female,5,5
1475,264,4,male/female,6,1
1476,266,1,neutral,1,6
1477,266,1,neutral,2,8
1478,266,1,neutral,3,4
1479,266,1,neutral,4,6
1480,266,1,neutral,5,3
1481,266,1,neutral,6,5
1482,267,2,male/male,1,6
1483,267,2,male/male,2,8
1484,267,2,male/male,3,3
1485,267,2,male/male,4,5
1486,267,2,male/male,5,3
1487,267,2,male/male,6,8
1488,268,3,male group,1,3
1489,268,3,male group,2,2
1490,268,3,male group,3,6
1491,268,3,male group,4,8
1492,268,3,male group,5,7
1493,268,3,male group,6,7
1494,269,4,male/female,1,1
1495,269,4,male/female,2,2
1496,269,4,male/female,3,7
1497,269,4,male/female,4,5
1498,269,4,male/female,5,6
1499,269,4,male/female,6,7
1500,270,5,pathogen,1,9
1501,270,5,pathogen,2,7
1502,270,5,pathogen,3,5
1503,270,5,pathogen,4,9
1504,270,5,pathogen,5,9
1505,270,5,pathogen,6,7
1506,271,1,neutral,1,9
1507,271,1,neutral,2,3
1508,271,1,neutral,3,7
1509,271,1,neutral,4,9
1510,271,1,neutral,5,9
1511,271,1,neutral,6,9
1512,273,3,male group,1,2
1513,273,3,male group,2,5
1514,273,3,male group,3,6
1515,273,3,male group,4,8
1516,273,3,male group,5,9
1517,273,3,male group,6,6
1518,274,4,male/female,1,9
1519,274,4,male/female,2,5
1520,274,4,male/female,3,3
1521,274,4,male/female,4,5
1522,274,4,male/female,5,7
1523,274,4,male/female,6,8
1524,275,5,pathogen,1,2
1525,275,5,pathogen,2,5
1526,275,5,pathogen,3,5
1527,275,5,pathogen,4,7
1528,275,5,pathogen,5,2
1529,275,5,pathogen,6,3
1530,277,2,male/male,1,1
1531,277,2,male/male,2,6
1532,277,2,male/male,3,3
1533,277,2,male/male,4,3
1534,277,2,male/male,5,8
1535,277,2,male/male,6,5
1536,278,3,male group,1,7
1537,278,3,male group,2,5
1538,278,3,male group,3,6
1539,278,3,male group,4,4
1540,278,3,male group,5,6
1541,278,3,male group,6,6
1542,279,4,male/female,1,6
1543,279,4,male/female,2,7
1544,279,4,male/female,3,8
1545,279,4,male/female,4,8
1546,279,4,male/female,5,5
1547,279,4,male/female,6,6
1548,281,1,neutral,1,4
1549,281,1,neutral,2,7
1550,281,1,neutral,3,6
1551,281,1,neutral,4,8
1552,281,1,neutral,5,2
1553,281,1,neutral,6,6
1554,282,2,male/male,1,9
1555,282,2,male/male,2,1
1556,282,2,male/male,3,5
1557,282,2,male/male,4,9
1558,282,2,male/male,5,5
1559,282,2,male/male,6,5
1560,283,3,male group,1,6
1561,283,3,male group,2,7
1562,283,3,male group,3,3
1563,283,3,male group,4,8
1564,283,3,male group,5,7
1565,283,3,male group,6,5
1566,284,4,male/female,1,9
1567,284,4,male/female,2,9
1568,284,4,male/female,3,9
1569,284,4,male/female,4,1
1570,284,4,male/female,5,9
1571,284,4,male/female,6,9
1572,285,5,pathogen,1,9
1573,285,5,pathogen,2,5
1574,285,5,pathogen,3,6
1575,285,5,pathogen,4,7
1576,285,5,pathogen,5,8
1577,285,5,pathogen,6,7
1578,287,2,male/male,1,9
1579,287,2,male/male,2,9
1580,287,2,male/male,3,7
1581,287,2,male/male,4,7
1582,287,2,male/male,5,5
1583,287,2,male/male,6,9
1584,288,3,male group,1,1
1585,288,3,male group,2,5
1586,288,3,male group,3,2
1587,288,3,male group,4,2
1588,288,3,male group,5,5
1589,288,3,male group,6,1
1590,289,4,male/female,1,4
1591,289,4,male/female,2,5
1592,289,4,male/female,3,4
1593,289,4,male/female,4,8
1594,289,4,male/female,5,7
1595,289,4,male/female,6,5
1596,290,5,pathogen,1,9
1597,290,5,pathogen,2,5
1598,290,5,pathogen,3,5
1599,290,5,pathogen,4,3
1600,290,5,pathogen,5,9
1601,290,5,pathogen,6,5
1602,292,2,male/male,1,5
1603,292,2,male/male,2,8
1604,292,2,male/male,3,3
1605,292,2,male/male,4,7
1606,292,2,male/male,5,7
1607,292,2,male/male,6,5
1608,293,3,male group,1,5
1609,293,3,male group,2,5
1610,293,3,male group,3,6
1611,293,3,male group,4,6
1612,293,3,male group,5,6
1613,293,3,male group,6,5
1614,294,4,male/female,1,8
1615,294,4,male/female,2,1
1616,294,4,male/female,3,1
1617,294,4,male/female,4,9
1618,294,4,male/female,5,6
1619,294,4,male/female,6,9
1620,295,5,pathogen,1,2
1621,295,5,pathogen,2,2
1622,295,5,pathogen,3,7
1623,295,5,pathogen,4,5
1624,295,5,pathogen,5,7
1625,295,5,pathogen,6,5
1626,296,1,neutral,1,9
1627,296,1,neutral,2,4
1628,296,1,neutral,3,4
1629,296,1,neutral,4,7
1630,296,1,neutral,5,8
1631,296,1,neutral,6,7
1632,297,2,male/male,1,7
1633,297,2,male/male,2,6
1634,297,2,male/male,3,5
1635,297,2,male/male,4,4
1636,297,2,male/male,5,5
1637,297,2,male/male,6,7
1638,298,3,male group,1,1
1639,298,3,male group,2,5
1640,298,3,male group,3,6
1641,298,3,male group,4,8
1642,298,3,male group,5,6
1643,298,3,male group,6,5
1644,300,5,pathogen,1,9
1645,300,5,pathogen,2,7
1646,300,5,pathogen,3,5
1647,300,5,pathogen,4,5
1648,300,5,pathogen,5,5
1649,300,5,pathogen,6,3
1650,301,1,neutral,1,3
1651,301,1,neutral,2,4
1652,301,1,neutral,3,5
1653,301,1,neutral,4,3
1654,301,1,neutral,5,9
1655,301,1,neutral,6,4
1656,302,2,male/male,1,9
1657,302,2,male/male,2,5
1658,302,2,male/male,3,2
1659,302,2,male/male,4,5
1660,302,2,male/male,5,8
1661,302,2,male/male,6,3
1662,303,3,male group,1,3
1663,303,3,male group,2,8
1664,303,3,male group,3,6
1665,303,3,male group,4,8
1666,303,3,male group,5,8
1667,303,3,male group,6,2
1668,304,4,male/female,1,1
1669,304,4,male/female,2,1
1670,304,4,male/female,3,6
1671,304,4,male/female,4,3
1672,304,4,male/female,5,2
1673,304,4,male/female,6,2
1674,305,5,pathogen,1,3
1675,305,5,pathogen,2,2
1676,305,5,pathogen,3,5
1677,305,5,pathogen,4,5
1678,305,5,pathogen,5,7
1679,305,5,pathogen,6,2
1680,306,1,neutral,1,8
1681,306,1,neutral,2,8
1682,306,1,neutral,3,5
1683,306,1,neutral,4,8
1684,306,1,neutral,5,8
1685,306,1,neutral,6,5
1686,307,2,male/male,1,2
1687,307,2,male/male,2,9
1688,307,2,male/male,3,7
1689,307,2,male/male,4,7
1690,307,2,male/male,5,8
1691,307,2,male/male,6,2
1692,308,3,male group,1,4
1693,308,3,male group,2,8
1694,308,3,male group,3,5
1695,308,3,male group,4,2
1696,308,3,male group,5,9
1697,308,3,male group,6,9
1698,310,5,pathogen,1,7
1699,310,5,pathogen,2,5
1700,310,5,pathogen,3,4
1701,310,5,pathogen,4,8
1702,310,5,pathogen,5,9
1703,310,5,pathogen,6,3
1704,311,1,neutral,1,9
1705,311,1,neutral,2,1
1706,311,1,neutral,3,9
1707,311,1,neutral,4,9
1708,311,1,neutral,5,1
1709,311,1,neutral,6,9
1710,312,2,male/male,1,3
1711,312,2,male/male,2,4
1712,312,2,male/male,3,4
1713,312,2,male/male,4,2
1714,312,2,male/male,5,8
1715,312,2,male/male,6,5
1716,313,3,male group,1,9
1717,313,3,male group,2,5
1718,313,3,male group,3,1
1719,313,3,male group,4,9
1720,313,3,male group,5,5
1721,313,3,male group,6,1
1722,314,4,male/female,1,1
1723,314,4,male/female,2,9
1724,314,4,male/female,3,9
1725,314,4,male/female,4,9
1726,314,4,male/female,5,9
1727,314,4,male/female,6,5
1836,201c,1,neutral,1,8
1837,201c,1,neutral,2,5
1838,201c,1,neutral,3,9
1839,201c,1,neutral,4,9
1840,201c,1,neutral,5,9
1841,201c,1,neutral,6,5
1860,216b,1,neutral,1,6
1861,216b,1,neutral,2,7
1862,216b,1,neutral,3,5
1863,216b,1,neutral,4,7
1864,216b,1,neutral,5,8
1865,216b,1,neutral,6,7
1968,46b,1,neutral,1,9
1969,46b,1,neutral,2,9
1970,46b,1,neutral,3,4
1971,46b,1,neutral,4,9
1972,46b,1,neutral,5,9
1973,46b,1,neutral,6,4
